depth,mode,step,seed,free_answer_accuracy,free_exact_continuation,terminal_query,terminal_state_mass,terminal_state_argmax_accuracy,local_query_status,local_rule_accuracy,local_rule_tv,local_state_mass,local_state_mass_min,local_context_variation_tv,epsilon_rule,gamma,composition_tv_with_invalid,composition_tv_conditional,product_answer_accuracy,gradient_query,gradient_actual_norm,gradient_predicted_norm,gradient_cosine,gradient_relative_error,gradient_rule_pullback_norm,gradient_rule_cosine,descent_oracle_rule_cosine,descent_random_rule_cosine_mean,descent_random_rule_cosine_std,gradient_actual_loss,gradient_predicted_loss
2,process,0,42,0.00390625,0.0,after greedy trace; not a marginal over traces,0.008329757489264011,0.0,gold-prefix trace readout; conditioned on valid state token,0.05528846010565758,0.9379198551177979,0.20856015384197235,0.11545554548501968,0.15395958721637726,0.06387553364038467,0.2892869710922241,0.9921115040779114,0.38004860281944275,0.07500000298023224,,,,,,,,,,,,
2,outcome,0,42,0.0,0.0,direct answer conditioned on COLON,0.23426726460456848,0.03750000149011612,omitted: trace query is out of distribution,,,,,,,,,,,,,,,,,,,,,,
2,both,0,42,0.00390625,0.0,direct answer conditioned on COLON,0.23426726460456848,0.03750000149011612,gold-prefix trace readout; conditioned on valid state token,0.05528846010565758,0.9379198551177979,0.20856015384197235,0.11545554548501968,0.15395958721637726,0.06387553364038467,0.2892869710922241,0.7764843106269836,0.3930617570877075,0.07500000298023224,mixed only; direct answer CE; first-step local tables,6.660293102264404,4.857048034667969,0.4413337280571006,0.9424027540214898,0.1659674346446991,0.01668043210023663,0.028326248224469636,-0.0072719683447590566,0.03912354627657004,4.603137493133545,2.994933843612671
2,process,100,42,0.40234375,0.34765625,after greedy trace; not a marginal over traces,0.9997904896736145,0.3125,gold-prefix trace readout; conditioned on valid state token,0.6105769276618958,0.5403168797492981,0.9954268932342529,0.5687717795372009,0.06860904395580292,1.046462059020996,0.11940015852451324,0.6697849035263062,0.6697825193405151,0.3375000059604645,,,,,,,,,,,,
2,outcome,100,42,0.32421875,0.32421875,direct answer conditioned on COLON,0.997149646282196,0.22499999403953552,omitted: trace query is out of distribution,,,,,,,,,,,,,,,,,,,,,,
2,both,100,42,0.34765625,0.34375,direct answer conditioned on COLON,0.9980486631393433,0.23749999701976776,gold-prefix trace readout; conditioned on valid state token,0.5709134340286255,0.5917515158653259,0.9930626749992371,0.8732672333717346,0.06318197399377823,1.0216718912124634,0.17001250386238098,0.20510859787464142,0.2043486386537552,0.22499999403953552,mixed only; direct answer CE; first-step local tables,7.025421142578125,8.057674407958984,0.7972170126229203,0.6976723461072329,3.664407968521118,0.3306185878260612,0.1759982832022432,-0.10728142919332298,0.18951008673320513,2.354504346847534,2.5059971809387207
2,process,500,42,1.0,1.0,after greedy trace; not a marginal over traces,1.0,1.0,gold-prefix trace readout; conditioned on valid state token,1.0,0.0022882206831127405,0.9999873042106628,0.9978501796722412,0.0007667752797715366,1.012271523475647,0.010494682937860489,0.0039967261254787445,0.003996721003204584,1.0,,,,,,,,,,,,
2,outcome,500,42,0.44921875,0.44921875,direct answer conditioned on COLON,0.9988157153129578,0.3499999940395355,omitted: trace query is out of distribution,,,,,,,,,,,,,,,,,,,,,,
2,both,500,42,0.4296875,0.4296875,direct answer conditioned on COLON,0.9955145120620728,0.25,gold-prefix trace readout; conditioned on valid state token,0.9927884340286255,0.05614045634865761,0.9998944401741028,0.9900835156440735,0.01636308804154396,1.2131201028823853,0.06561270356178284,0.789743959903717,0.7891418933868408,1.0,mixed only; direct answer CE; first-step local tables,5.576366424560547,2.6410164833068848,0.23723598150267816,0.9997949461318871,2.4486429691314697,0.22772571830628044,0.11885043202102243,-0.0570057237312476,0.10276497926282689,2.2716596126556396,0.136882483959198
2,process,1000,42,1.0,1.0,after greedy trace; not a marginal over traces,1.0,1.0,gold-prefix trace readout; conditioned on valid state token,1.0,0.0004993573529645801,0.999995768070221,0.9993578791618347,0.00014653362450189888,1.0006722211837769,0.000549421354662627,0.0009417125838808715,0.0009417125838808715,1.0,,,,,,,,,,,,
2,outcome,1000,42,0.47265625,0.47265625,direct answer conditioned on COLON,0.9989253282546997,0.32499998807907104,omitted: trace query is out of distribution,,,,,,,,,,,,,,,,,,,,,,
2,both,1000,42,0.3671875,0.3671875,direct answer conditioned on COLON,0.997260570526123,0.22499999403953552,gold-prefix trace readout; conditioned on valid state token,1.0,0.0174076110124588,0.9999027252197266,0.9806617498397827,0.007775048725306988,1.0868229866027832,0.03815857693552971,0.8182118535041809,0.8178218603134155,1.0,mixed only; direct answer CE; first-step local tables,4.518887042999268,1.8510959148406982,0.126470974525112,1.0315933881852226,1.7318874597549438,0.1226637506999898,0.06166600813909084,-0.04500084276313964,0.05261482138894418,2.2138819694519043,0.04711516574025154
2,process,2000,42,1.0,1.0,after greedy trace; not a marginal over traces,1.0,1.0,gold-prefix trace readout; conditioned on valid state token,1.0,0.00014315808948595077,0.9999983310699463,0.9997979402542114,4.320770312915556e-05,1.000131607055664,0.00017871340969577432,0.00027455887175165117,0.00027455887175165117,1.0,,,,,,,,,,,,
2,outcome,2000,42,0.61328125,0.61328125,direct answer conditioned on COLON,0.9996705055236816,0.5375000238418579,omitted: trace query is out of distribution,,,,,,,,,,,,,,,,,,,,,,
2,both,2000,42,0.484375,0.484375,direct answer conditioned on COLON,0.9978166818618774,0.3125,gold-prefix trace readout; conditioned on valid state token,1.0,0.00390624743886292,0.999987006187439,0.9972161054611206,0.0020929144229739904,1.0631370544433594,0.032926127314567566,0.8194122314453125,0.8190585970878601,1.0,mixed only; direct answer CE; first-step local tables,4.926738262176514,0.5312322378158569,0.012785390052971034,1.0044226165029653,0.4945707321166992,0.009622788432099369,-0.05394017183830038,-0.031003306513379354,0.032500726638474545,2.4139957427978516,0.010362266562879086
2,process,0,43,0.0,0.0,after greedy trace; not a marginal over traces,0.0,0.0,gold-prefix trace readout; conditioned on valid state token,0.0625,0.9368294477462769,0.22928431630134583,0.1281316876411438,0.16825392842292786,0.07454193383455276,0.263869971036911,1.0,nan,0.07500000298023224,,,,,,,,,,,,
2,outcome,0,43,0.0,0.0,direct answer conditioned on COLON,0.2052127867937088,0.07500000298023224,omitted: trace query is out of distribution,,,,,,,,,,,,,,,,,,,,,,
2,both,0,43,0.0,0.0,direct answer conditioned on COLON,0.2052127867937088,0.07500000298023224,gold-prefix trace readout; conditioned on valid state token,0.0625,0.9368294477462769,0.22928431630134583,0.1281316876411438,0.16825392842292786,0.07454193383455276,0.263869971036911,0.7982061505317688,0.3515297472476959,0.07500000298023224,mixed only; direct answer CE; first-step local tables,5.913288593292236,4.368544101715088,0.35688894795716075,1.0091885656594817,0.09277050197124481,-0.018972675872026064,0.006301165106557256,-0.005498803294875679,0.03360036263787029,4.375476360321045,3.233546733856201
2,process,100,43,0.44921875,0.41015625,after greedy trace; not a marginal over traces,0.9999747276306152,0.3499999940395355,gold-prefix trace readout; conditioned on valid state token,0.6598557829856873,0.47902679443359375,0.9969132542610168,0.6645618677139282,0.07892478257417679,1.1343469619750977,0.13375386595726013,0.6434277892112732,0.6434276103973389,0.36250001192092896,,,,,,,,,,,,
2,outcome,100,43,0.33984375,0.33984375,direct answer conditioned on COLON,0.9974390268325806,0.22499999403953552,omitted: trace query is out of distribution,,,,,,,,,,,,,,,,,,,,,,
2,both,100,43,0.33984375,0.3359375,direct answer conditioned on COLON,0.9974687695503235,0.22499999403953552,gold-prefix trace readout; conditioned on valid state token,0.5757211446762085,0.6057710647583008,0.9913183450698853,0.8413534760475159,0.06727465987205505,1.0807273387908936,0.13375544548034668,0.219684436917305,0.2186955213546753,0.17499999701976776,mixed only; direct answer CE; first-step local tables,7.613687038421631,9.112682342529297,0.7580560134621799,0.7860787011559236,4.513120651245117,0.4337199247573565,0.18360734353122232,-0.07602861523615792,0.2010236061843083,2.61415958404541,2.616903305053711
2,process,500,43,1.0,1.0,after greedy trace; not a marginal over traces,0.9999998807907104,1.0,gold-prefix trace readout; conditioned on valid state token,1.0,0.0011576673714444041,0.9999917149543762,0.9991096258163452,0.0003810665220953524,1.0015004873275757,0.0030731377191841602,0.002259950852021575,0.002259950153529644,1.0,,,,,,,,,,,,
2,outcome,500,43,0.5859375,0.5859375,direct answer conditioned on COLON,0.9991065859794617,0.5874999761581421,omitted: trace query is out of distribution,,,,,,,,,,,,,,,,,,,,,,
2,both,500,43,0.55859375,0.55859375,direct answer conditioned on COLON,0.9958964586257935,0.38749998807907104,gold-prefix trace readout; conditioned on valid state token,0.995192289352417,0.048547420650720596,0.9997819066047668,0.9616925120353699,0.01886606030166149,1.3370624780654907,0.09228578209877014,0.6676647663116455,0.6667275428771973,1.0,mixed only; direct answer CE; first-step local tables,6.3775458335876465,1.7926117181777954,0.25088715141977175,0.96848665497343,1.6755931377410889,0.23430351574045913,-0.01153570936173537,-0.06833027453273735,0.05565858161427944,1.5967730283737183,0.0866687148809433
2,process,1000,43,1.0,1.0,after greedy trace; not a marginal over traces,1.0,1.0,gold-prefix trace readout; conditioned on valid state token,1.0,0.0003167291870340705,0.9999973773956299,0.9997807741165161,0.0001084046671167016,1.000837802886963,0.0012963177869096398,0.0006407556938938797,0.0006407519686035812,1.0,,,,,,,,,,,,
2,outcome,1000,43,0.65234375,0.65234375,direct answer conditioned on COLON,0.9997562170028687,0.637499988079071,omitted: trace query is out of distribution,,,,,,,,,,,,,,,,,,,,,,
2,both,1000,43,0.625,0.625,direct answer conditioned on COLON,0.9975019693374634,0.5249999761581421,gold-prefix trace readout; conditioned on valid state token,0.9975961446762085,0.017819300293922424,0.9999535083770752,0.9818897247314453,0.011277853511273861,1.1276981830596924,0.06931836903095245,0.5816845893859863,0.5809085965156555,1.0,mixed only; direct answer CE; first-step local tables,6.995425224304199,4.6433587074279785,0.02016782827416268,1.1890401602675307,4.358438968658447,0.019632282889670855,0.02108829316628969,-0.04949189997653278,0.059873845133969615,1.1424646377563477,0.13938656449317932
2,process,2000,43,1.0,1.0,after greedy trace; not a marginal over traces,1.0,1.0,gold-prefix trace readout; conditioned on valid state token,1.0,9.090972889680415e-05,0.9999990463256836,0.9999158382415771,3.101977563346736e-05,1.000138282775879,0.00022153486497700214,0.00018965863273479044,0.00018965787603519857,1.0,,,,,,,,,,,,
2,outcome,2000,43,0.7421875,0.7421875,direct answer conditioned on COLON,0.9999251365661621,0.699999988079071,omitted: trace query is out of distribution,,,,,,,,,,,,,,,,,,,,,,
2,both,2000,43,0.76171875,0.7578125,direct answer conditioned on COLON,0.9979187250137329,0.6499999761581421,gold-prefix trace readout; conditioned on valid state token,0.9987980723381042,0.016019759699702263,0.9999545216560364,0.965452253818512,0.01368218008428812,1.165043592453003,0.0535709373652935,0.45188218355178833,0.4509827196598053,1.0,mixed only; direct answer CE; first-step local tables,7.327003479003906,0.11590918153524399,0.05263114584046867,0.9992912850843169,0.18474365770816803,0.011318215582944062,0.012631964398098161,-0.01698817507554709,0.027907320815283295,0.6697614192962646,0.001639765570871532
2,process,0,44,0.0,0.0,after greedy trace; not a marginal over traces,0.0,0.0,gold-prefix trace readout; conditioned on valid state token,0.0625,0.9368060231208801,0.1936885416507721,0.10024446249008179,0.173566073179245,0.08512146025896072,0.2774524986743927,1.0,nan,0.08749999850988388,,,,,,,,,,,,
2,outcome,0,44,0.0,0.0,direct answer conditioned on COLON,0.22880594432353973,0.0625,omitted: trace query is out of distribution,,,,,,,,,,,,,,,,,,,,,,
2,both,0,44,0.0,0.0,direct answer conditioned on COLON,0.22880594432353973,0.0625,gold-prefix trace readout; conditioned on valid state token,0.0625,0.9368060231208801,0.1936885416507721,0.10024446249008179,0.173566073179245,0.08512146025896072,0.2774524986743927,0.7723837494850159,0.3352595865726471,0.08749999850988388,mixed only; direct answer CE; first-step local tables,6.103697299957275,4.386536598205566,0.35596874335477496,1.002415787467576,0.14682580530643463,-0.0473014620153358,-0.0472289092432868,0.029180011805979678,0.03414265822228667,4.520463943481445,3.037630319595337
2,process,100,44,0.44140625,0.41015625,after greedy trace; not a marginal over traces,0.9999605417251587,0.36250001192092896,gold-prefix trace readout; conditioned on valid state token,0.6850961446762085,0.45855647325515747,0.9980515837669373,0.5855315327644348,0.08263809978961945,1.1123689413070679,0.14766332507133484,0.6271661520004272,0.6271656155586243,0.375,,,,,,,,,,,,
2,outcome,100,44,0.33984375,0.33984375,direct answer conditioned on COLON,0.9970062971115112,0.25,omitted: trace query is out of distribution,,,,,,,,,,,,,,,,,,,,,,
2,both,100,44,0.33984375,0.33203125,direct answer conditioned on COLON,0.9982760548591614,0.22499999403953552,gold-prefix trace readout; conditioned on valid state token,0.5793269276618958,0.5978268980979919,0.9949273467063904,0.9505109190940857,0.09400805085897446,1.0385644435882568,0.1338321566581726,0.25877341628074646,0.258116215467453,0.22499999403953552,mixed only; direct answer CE; first-step local tables,7.977133274078369,8.719705581665039,0.7557642808780255,0.7366197466821757,5.050502777099609,0.07125368926099454,0.14933680195704696,-0.12762155418579102,0.18716951576925578,2.37489914894104,2.467527151107788
2,process,500,44,1.0,1.0,after greedy trace; not a marginal over traces,1.0,1.0,gold-prefix trace readout; conditioned on valid state token,1.0,0.001542073325254023,0.9999914765357971,0.9985191822052002,0.00048508093459531665,1.0032780170440674,0.0028118013869971037,0.0023936317302286625,0.002393628703430295,1.0,,,,,,,,,,,,
2,outcome,500,44,0.46484375,0.46484375,direct answer conditioned on COLON,0.9988997578620911,0.4375,omitted: trace query is out of distribution,,,,,,,,,,,,,,,,,,,,,,
2,both,500,44,0.6171875,0.6171875,direct answer conditioned on COLON,0.9964249730110168,0.5375000238418579,gold-prefix trace readout; conditioned on valid state token,0.979567289352417,0.07972455769777298,0.9995733499526978,0.9785076379776001,0.02472514845430851,1.298101544380188,0.09438781440258026,0.5490342974662781,0.5480239391326904,0.9750000238418579,mixed only; direct answer CE; first-step local tables,7.74658203125,3.298184633255005,0.1995923930185178,1.0056403640088245,3.0304603576660156,0.19740790425245042,0.1124294518684639,-0.05148807666511128,0.0646663714332516,1.7992745637893677,0.17424100637435913
2,process,1000,44,1.0,1.0,after greedy trace; not a marginal over traces,1.0,1.0,gold-prefix trace readout; conditioned on valid state token,1.0,0.00038387125823646784,0.999997079372406,0.9994038939476013,0.00012171002163086087,1.0007801055908203,0.0007626888691447675,0.0006312534096650779,0.0006312496843747795,1.0,,,,,,,,,,,,
2,outcome,1000,44,0.484375,0.484375,direct answer conditioned on COLON,0.9992574453353882,0.4000000059604645,omitted: trace query is out of distribution,,,,,,,,,,,,,,,,,,,,,,
2,both,1000,44,0.6640625,0.6640625,direct answer conditioned on COLON,0.9974422454833984,0.6000000238418579,gold-prefix trace readout; conditioned on valid state token,0.9975961446762085,0.02149980515241623,0.9998073577880859,0.8730357885360718,0.009848886169493198,1.1280725002288818,0.05373486131429672,0.5199805498123169,0.5189582109451294,0.987500011920929,mixed only; direct answer CE; first-step local tables,6.4584245681762695,4.818795204162598,0.08650409393998823,1.1948293665718224,4.521937847137451,0.08623806118987555,0.19249001164328058,-0.047631885830597576,0.05631414530332174,0.9670763611793518,0.09825008362531662
2,process,2000,44,1.0,1.0,after greedy trace; not a marginal over traces,1.0,1.0,gold-prefix trace readout; conditioned on valid state token,1.0,0.00011124352749902755,0.9999989867210388,0.999830961227417,3.6134828405920416e-05,1.0001782178878784,0.00018392626952845603,0.00019355604308657348,0.00019355231779627502,1.0,,,,,,,,,,,,
2,outcome,2000,44,0.46484375,0.46484375,direct answer conditioned on COLON,0.99977046251297,0.4000000059604645,omitted: trace query is out of distribution,,,,,,,,,,,,,,,,,,,,,,
2,both,2000,44,0.7890625,0.7890625,direct answer conditioned on COLON,0.9993661046028137,0.5625,gold-prefix trace readout; conditioned on valid state token,1.0,0.007771064527332783,0.9999388456344604,0.9538192749023438,0.005994314793497324,1.1235547065734863,0.04352631792426109,0.475330114364624,0.4750393033027649,1.0,mixed only; direct answer CE; first-step local tables,8.264057159423828,0.6912997364997864,0.2313525772886105,0.9840170644667378,0.648222029209137,0.23208673132682814,0.08192889041643962,-0.033333877400884324,0.06620313567700069,0.7992185950279236,0.012059515342116356
2,process,0,45,0.0,0.0,after greedy trace; not a marginal over traces,0.0,0.0,gold-prefix trace readout; conditioned on valid state token,0.06490384787321091,0.9371886849403381,0.22315765917301178,0.1165233924984932,0.17234648764133453,0.07634727656841278,0.32650813460350037,1.0,nan,0.10000000149011612,,,,,,,,,,,,
2,outcome,0,45,0.0,0.0,direct answer conditioned on COLON,0.2053382843732834,0.11249999701976776,omitted: trace query is out of distribution,,,,,,,,,,,,,,,,,,,,,,
2,both,0,45,0.0,0.0,direct answer conditioned on COLON,0.2053382843732834,0.11249999701976776,gold-prefix trace readout; conditioned on valid state token,0.06490384787321091,0.9371886849403381,0.22315765917301178,0.1165233924984932,0.17234648764133453,0.07634727656841278,0.32650813460350037,0.7979015707969666,0.3075459599494934,0.10000000149011612,mixed only; direct answer CE; first-step local tables,5.494979381561279,4.541668891906738,0.4113298435097436,1.0015909672905838,0.15184083580970764,-0.03506890777121411,-0.028513299147970163,0.011430998437565159,0.03519807810828709,4.4742512702941895,2.9559898376464844
2,process,100,45,0.41796875,0.3984375,after greedy trace; not a marginal over traces,0.9999505877494812,0.3375000059604645,gold-prefix trace readout; conditioned on valid state token,0.6394230723381042,0.4964642822742462,0.9967306852340698,0.8193178772926331,0.07713471353054047,1.2114533185958862,0.13865342736244202,0.65064936876297,0.6506489515304565,0.38749998807907104,,,,,,,,,,,,
2,outcome,100,45,0.359375,0.359375,direct answer conditioned on COLON,0.9962198138237,0.22499999403953552,omitted: trace query is out of distribution,,,,,,,,,,,,,,,,,,,,,,
2,both,100,45,0.3203125,0.3125,direct answer conditioned on COLON,0.9971747398376465,0.21250000596046448,gold-prefix trace readout; conditioned on valid state token,0.5721153616905212,0.5997715592384338,0.9960750937461853,0.8980571627616882,0.0805995911359787,1.0562405586242676,0.17950396239757538,0.23695769906044006,0.23583073914051056,0.21250000596046448,mixed only; direct answer CE; first-step local tables,6.568685531616211,9.528039932250977,0.7303133647558102,0.9926464545979059,4.906312942504883,0.5184442373831493,0.2495295600667079,-0.11015478061969575,0.14630050586856644,2.4701404571533203,2.3372750282287598
2,process,500,45,1.0,1.0,after greedy trace; not a marginal over traces,1.0,1.0,gold-prefix trace readout; conditioned on valid state token,1.0,0.0014920320827513933,0.9999911189079285,0.9986617565155029,0.0004677818506024778,1.0044474601745605,0.00359098007902503,0.0024485152680426836,0.0024485033936798573,1.0,,,,,,,,,,,,
2,outcome,500,45,0.57421875,0.57421875,direct answer conditioned on COLON,0.9983683824539185,0.4625000059604645,omitted: trace query is out of distribution,,,,,,,,,,,,,,,,,,,,,,
2,both,500,45,0.58984375,0.58984375,direct answer conditioned on COLON,0.9976423978805542,0.4749999940395355,gold-prefix trace readout; conditioned on valid state token,0.9879807829856873,0.06615950912237167,0.9997326135635376,0.9883407354354858,0.018748873844742775,1.2565419673919678,0.09084805846214294,0.5983102321624756,0.5975250005722046,1.0,mixed only; direct answer CE; first-step local tables,7.1924872398376465,3.767322301864624,0.3019362781104504,0.978801078432874,3.5461738109588623,0.2996443605069849,0.14612047747317256,-0.10418531215635182,0.04966429671551326,1.8461940288543701,0.1770109236240387
2,process,1000,45,1.0,1.0,after greedy trace; not a marginal over traces,1.0,1.0,gold-prefix trace readout; conditioned on valid state token,1.0,0.0003913680266123265,0.9999968409538269,0.9995601177215576,0.00013032816059421748,1.00065016746521,0.0006244020769372582,0.0006331920740194619,0.0006331891054287553,1.0,,,,,,,,,,,,
2,outcome,1000,45,0.59765625,0.59765625,direct answer conditioned on COLON,0.9995325207710266,0.5249999761581421,omitted: trace query is out of distribution,,,,,,,,,,,,,,,,,,,,,,
2,both,1000,45,0.67578125,0.67578125,direct answer conditioned on COLON,0.9983444213867188,0.5,gold-prefix trace readout; conditioned on valid state token,0.9975961446762085,0.015144970268011093,0.9999729990959167,0.9936001896858215,0.007595359813421965,1.146864891052246,0.05166834220290184,0.5513402819633484,0.5506208539009094,1.0,mixed only; direct answer CE; first-step local tables,8.963116645812988,0.8633339405059814,0.15192042767288155,0.9899551088369443,0.8511780500411987,0.14095005384194076,-0.04766389526542386,-0.03505327051281626,0.06622520920985175,1.07004976272583,0.015602477826178074
2,process,2000,45,1.0,1.0,after greedy trace; not a marginal over traces,1.0,1.0,gold-prefix trace readout; conditioned on valid state token,1.0,0.000113550056994427,0.9999986886978149,0.9998499155044556,3.757443846552633e-05,1.0001544952392578,0.0001431733398931101,0.00019405578495934606,0.0001940550428116694,1.0,,,,,,,,,,,,
2,outcome,2000,45,0.671875,0.671875,direct answer conditioned on COLON,0.9998890161514282,0.612500011920929,omitted: trace query is out of distribution,,,,,,,,,,,,,,,,,,,,,,
2,both,2000,45,0.74609375,0.74609375,direct answer conditioned on COLON,0.9987490773200989,0.512499988079071,gold-prefix trace readout; conditioned on valid state token,0.995192289352417,0.009370519779622555,0.9999470114707947,0.9661170840263367,0.005870786961168051,1.1635775566101074,0.05693885684013367,0.4988398551940918,0.49815088510513306,0.987500011920929,mixed only; direct answer CE; first-step local tables,16.132835388183594,0.36518436670303345,0.15889189048315028,0.9966530909696235,0.34323203563690186,0.15959859064813547,-0.030013196594524342,-0.004909165381409504,0.054420107092536,1.0968561172485352,0.005636829882860184
2,process,0,46,0.0,0.0,after greedy trace; not a marginal over traces,0.0,0.0,gold-prefix trace readout; conditioned on valid state token,0.06490384787321091,0.9370343685150146,0.21658039093017578,0.1220138669013977,0.1710420697927475,0.08507728576660156,0.29149767756462097,1.0,nan,0.0625,,,,,,,,,,,,
2,outcome,0,46,0.0,0.0,direct answer conditioned on COLON,0.15423735976219177,0.125,omitted: trace query is out of distribution,,,,,,,,,,,,,,,,,,,,,,
2,both,0,46,0.0,0.0,direct answer conditioned on COLON,0.15423735976219177,0.125,gold-prefix trace readout; conditioned on valid state token,0.06490384787321091,0.9370343685150146,0.21658039093017578,0.1220138669013977,0.1710420697927475,0.08507728576660156,0.29149767756462097,0.8485687375068665,0.3293873369693756,0.0625,mixed only; direct answer CE; first-step local tables,6.55344295501709,4.9605937004089355,0.4185088331643009,0.9692211613783497,0.1166626513004303,0.05910044658536401,0.04244631732719802,-0.012225471509569815,0.04037537535725764,4.7527570724487305,3.2495954036712646
2,process,100,46,0.44140625,0.40625,after greedy trace; not a marginal over traces,0.9999898672103882,0.3499999940395355,gold-prefix trace readout; conditioned on valid state token,0.6538461446762085,0.46505582332611084,0.9976674318313599,0.9040354490280151,0.06747636198997498,1.08082115650177,0.13102298974990845,0.6256920099258423,0.625691831111908,0.3499999940395355,,,,,,,,,,,,
2,outcome,100,46,0.328125,0.328125,direct answer conditioned on COLON,0.997532069683075,0.22499999403953552,omitted: trace query is out of distribution,,,,,,,,,,,,,,,,,,,,,,
2,both,100,46,0.35546875,0.35546875,direct answer conditioned on COLON,0.9966915249824524,0.20000000298023224,gold-prefix trace readout; conditioned on valid state token,0.5961538553237915,0.5705085396766663,0.9941235780715942,0.7632732391357422,0.07308663427829742,1.0807712078094482,0.13791297376155853,0.24100056290626526,0.2396666556596756,0.25,mixed only; direct answer CE; first-step local tables,6.924859523773193,7.717844009399414,0.6908721037877753,0.8379542947304535,4.2126312255859375,0.10243182076445166,0.08432075202995647,-0.09238725920205533,0.1838136846856443,2.409036636352539,2.4428560733795166
2,process,500,46,1.0,1.0,after greedy trace; not a marginal over traces,1.0,1.0,gold-prefix trace readout; conditioned on valid state token,1.0,0.0011497442610561848,0.9999952912330627,0.998818039894104,0.00036839768290519714,1.00154447555542,0.001418260857462883,0.0023396534379571676,0.0023396476171910763,1.0,,,,,,,,,,,,
2,outcome,500,46,0.5390625,0.5390625,direct answer conditioned on COLON,0.9989724159240723,0.4625000059604645,omitted: trace query is out of distribution,,,,,,,,,,,,,,,,,,,,,,
2,both,500,46,0.54296875,0.54296875,direct answer conditioned on COLON,0.9976183772087097,0.42500001192092896,gold-prefix trace readout; conditioned on valid state token,0.9807692170143127,0.07017060369253159,0.9995497465133667,0.8737865090370178,0.025292547419667244,1.227648138999939,0.09561283886432648,0.604095995426178,0.6033544540405273,0.987500011920929,mixed only; direct answer CE; first-step local tables,8.742300987243652,3.8925411701202393,0.112743953696902,1.0477839616963822,3.655937910079956,0.1060823428824765,0.07142594206626156,-0.019875175457772072,0.06214113839562065,2.1897120475769043,0.19837071001529694
2,process,1000,46,1.0,1.0,after greedy trace; not a marginal over traces,1.0,1.0,gold-prefix trace readout; conditioned on valid state token,1.0,0.00029834386077709496,0.999998152256012,0.9995439648628235,9.803188004298136e-05,1.0002769231796265,0.0003409043711144477,0.0006206840625964105,0.0006206810940057039,1.0,,,,,,,,,,,,
2,outcome,1000,46,0.59375,0.59375,direct answer conditioned on COLON,0.999614417552948,0.5,omitted: trace query is out of distribution,,,,,,,,,,,,,,,,,,,,,,
2,both,1000,46,0.67578125,0.67578125,direct answer conditioned on COLON,0.9983607530593872,0.5249999761581421,gold-prefix trace readout; conditioned on valid state token,0.9963942170143127,0.018233131617307663,0.9996932744979858,0.924480140209198,0.00993796531111002,1.1646645069122314,0.06686440110206604,0.5722681283950806,0.5717119574546814,1.0,mixed only; direct answer CE; first-step local tables,7.833072662353516,0.7223628163337708,0.24284017893274415,0.9816889655316834,0.6792305111885071,0.23248438740301977,0.02962186708882142,0.015500158279658066,0.04699277205862294,1.1957154273986816,0.02922794409096241
2,process,2000,46,1.0,1.0,after greedy trace; not a marginal over traces,1.0,1.0,gold-prefix trace readout; conditioned on valid state token,1.0,8.512675412930548e-05,0.9999992847442627,0.9998607039451599,2.9024244213360362e-05,1.0000883340835571,7.181822729762644e-05,0.0001760651357471943,0.00017606289475224912,1.0,,,,,,,,,,,,
2,outcome,2000,46,0.65625,0.65625,direct answer conditioned on COLON,0.9998129606246948,0.574999988079071,omitted: trace query is out of distribution,,,,,,,,,,,,,,,,,,,,,,
2,both,2000,46,0.7890625,0.7890625,direct answer conditioned on COLON,0.998313307762146,0.5249999761581421,gold-prefix trace readout; conditioned on valid state token,1.0,0.004519914276897907,0.9999291896820068,0.9373235106468201,0.003731945063918829,1.0550647974014282,0.021813340485095978,0.5028738379478455,0.5021668672561646,1.0,mixed only; direct answer CE; first-step local tables,9.14773178100586,1.3417670726776123,0.1704201897181841,0.9856572476577581,1.256672978401184,0.16975670897003456,0.025871237925700067,-0.020151432647515146,0.07175092562769794,1.3520523309707642,0.021473105996847153
4,process,0,42,0.0,0.0,after greedy trace; not a marginal over traces,0.0,0.0,gold-prefix trace readout; conditioned on valid state token,0.06370192021131516,0.9375072121620178,0.23975308239459991,0.12436297535896301,0.19058935344219208,0.05490081384778023,0.2228047400712967,1.0,nan,0.07500000298023224,,,,,,,,,,,,
4,outcome,0,42,0.0,0.0,direct answer conditioned on COLON,0.1791156530380249,0.0625,omitted: trace query is out of distribution,,,,,,,,,,,,,,,,,,,,,,
4,both,0,42,0.0,0.0,direct answer conditioned on COLON,0.1791156530380249,0.0625,gold-prefix trace readout; conditioned on valid state token,0.06370192021131516,0.9375072121620178,0.23975308239459991,0.12436297535896301,0.19058935344219208,0.05490081384778023,0.2228047400712967,0.8236743807792664,0.3642975687980652,0.07500000298023224,mixed only; direct answer CE; first-step local tables,5.152724266052246,3.639430046081543,0.2295382142445221,1.0838012349753092,0.059781234711408615,0.02527364966843976,0.04241470734891591,0.01788129719972866,0.02982040044713233,4.435855865478516,2.9747207164764404
4,process,100,42,0.1640625,0.12109375,after greedy trace; not a marginal over traces,0.9999538660049438,0.22499999403953552,gold-prefix trace readout; conditioned on valid state token,0.6322115659713745,0.5104159712791443,0.9984702467918396,0.909758985042572,0.09381493926048279,1.1196602582931519,0.11207548528909683,0.7498292326927185,0.7498269081115723,0.1875,,,,,,,,,,,,
4,outcome,100,42,0.08984375,0.08984375,direct answer conditioned on COLON,0.9963638186454773,0.08749999850988388,omitted: trace query is out of distribution,,,,,,,,,,,,,,,,,,,,,,
4,both,100,42,0.09765625,0.08203125,direct answer conditioned on COLON,0.9948362112045288,0.15000000596046448,gold-prefix trace readout; conditioned on valid state token,0.5757211446762085,0.6034049391746521,0.9942729473114014,0.49323132634162903,0.10602053999900818,0.9812272787094116,0.10091989487409592,0.19345834851264954,0.19122031331062317,0.10000000149011612,mixed only; direct answer CE; first-step local tables,4.0636115074157715,6.614333629608154,0.5913805463240612,1.3130965214665882,4.950965404510498,-0.12911743360973527,0.0059223979334508,0.027568516130105074,0.1292579499700637,2.6073949337005615,2.755709648132324
4,process,500,42,1.0,1.0,after greedy trace; not a marginal over traces,1.0,1.0,gold-prefix trace readout; conditioned on valid state token,1.0,0.001646245364099741,0.9999935626983643,0.9933488965034485,0.0010638226522132754,1.014202356338501,0.008356381207704544,0.005115932319313288,0.005115929059684277,1.0,,,,,,,,,,,,
4,outcome,500,42,0.14453125,0.14453125,direct answer conditioned on COLON,0.9985561370849609,0.10000000149011612,omitted: trace query is out of distribution,,,,,,,,,,,,,,,,,,,,,,
4,both,500,42,0.1640625,0.1640625,direct answer conditioned on COLON,0.9955984354019165,0.0625,gold-prefix trace readout; conditioned on valid state token,0.9987980723381042,0.03107651136815548,0.9998015761375427,0.825926661491394,0.017322303727269173,1.1977483034133911,0.07003898918628693,0.8557927012443542,0.8554219007492065,1.0,mixed only; direct answer CE; first-step local tables,3.8690922260284424,1.4556933641433716,0.07829789671241942,1.0404975946424944,1.3852211236953735,0.06193497038689434,-0.03418117903304825,-0.02879243184592992,0.0518996569904229,2.632429361343384,0.07547377049922943
4,process,1000,42,1.0,1.0,after greedy trace; not a marginal over traces,1.0,1.0,gold-prefix trace readout; conditioned on valid state token,1.0,0.0004038967890664935,0.9999974966049194,0.9972100257873535,0.00025896253646351397,1.0010333061218262,0.0007649621111340821,0.0012857059482485056,0.0012857037363573909,1.0,,,,,,,,,,,,
4,outcome,1000,42,0.17578125,0.17578125,direct answer conditioned on COLON,0.999128520488739,0.16249999403953552,omitted: trace query is out of distribution,,,,,,,,,,,,,,,,,,,,,,
4,both,1000,42,0.21875,0.21875,direct answer conditioned on COLON,0.9950577616691589,0.20000000298023224,gold-prefix trace readout; conditioned on valid state token,0.9975961446762085,0.02832225151360035,0.9997683167457581,0.7796776294708252,0.022665884345769882,1.1956696510314941,0.06759510934352875,0.8404432535171509,0.839883029460907,0.987500011920929,mixed only; direct answer CE; first-step local tables,3.7872934341430664,2.7585043907165527,0.021123641137654234,1.224634845571877,2.666520118713379,0.014224286490866671,-0.05141020681929884,0.007779502421617871,0.056003525761798456,2.3653364181518555,0.04224100708961487
4,process,2000,42,1.0,1.0,after greedy trace; not a marginal over traces,1.0,1.0,gold-prefix trace readout; conditioned on valid state token,1.0,0.00011588485358515754,0.9999990463256836,0.9993281960487366,7.326123159145936e-05,1.0002084970474243,0.0001755427656462416,0.00035778520395979285,0.0003577814786694944,1.0,,,,,,,,,,,,
4,outcome,2000,42,0.14453125,0.14453125,direct answer conditioned on COLON,0.9993060827255249,0.1875,omitted: trace query is out of distribution,,,,,,,,,,,,,,,,,,,,,,
4,both,2000,42,0.31640625,0.31640625,direct answer conditioned on COLON,0.9979544878005981,0.26249998807907104,gold-prefix trace readout; conditioned on valid state token,0.9963942170143127,0.01490253396332264,0.9998033046722412,0.7751771211624146,0.01492405030876398,1.1677274703979492,0.06365269422531128,0.8209121823310852,0.8206469416618347,0.987500011920929,mixed only; direct answer CE; first-step local tables,5.656790256500244,0.5139622688293457,0.07850539164545889,0.99698621335701,0.5835593938827515,0.06941365170019524,0.06491307536749648,-0.022027478609075286,0.03407675767908422,2.272799015045166,0.009111082181334496
4,process,0,43,0.0,0.0,after greedy trace; not a marginal over traces,0.0,0.0,gold-prefix trace readout; conditioned on valid state token,0.0625,0.9371675848960876,0.2612718641757965,0.1254195272922516,0.1977485716342926,0.05996379256248474,0.36695313453674316,1.0,nan,0.03750000149011612,,,,,,,,,,,,
4,outcome,0,43,0.0,0.0,direct answer conditioned on COLON,0.25417187809944153,0.0625,omitted: trace query is out of distribution,,,,,,,,,,,,,,,,,,,,,,
4,both,0,43,0.0,0.0,direct answer conditioned on COLON,0.25417187809944153,0.0625,gold-prefix trace readout; conditioned on valid state token,0.0625,0.9371675848960876,0.2612718641757965,0.1254195272922516,0.1977485716342926,0.05996379256248474,0.36695313453674316,0.7564715147018433,0.3339307904243469,0.03750000149011612,mixed only; direct answer CE; first-step local tables,4.9404706954956055,3.572016716003418,0.2215405465404817,1.0965369091812134,0.10817400366067886,0.029670313339257768,0.04379019349859234,-0.020664060430960682,0.026039104002591004,4.207277297973633,2.896129608154297
4,process,100,43,0.20703125,0.14453125,after greedy trace; not a marginal over traces,0.9999746084213257,0.2750000059604645,gold-prefix trace readout; conditioned on valid state token,0.65625,0.49738067388534546,0.9987770915031433,0.8416435718536377,0.08974950760602951,1.272409200668335,0.1539953351020813,0.756024181842804,0.7560238242149353,0.25,,,,,,,,,,,,
4,outcome,100,43,0.12109375,0.12109375,direct answer conditioned on COLON,0.995855987071991,0.08749999850988388,omitted: trace query is out of distribution,,,,,,,,,,,,,,,,,,,,,,
4,both,100,43,0.10546875,0.10546875,direct answer conditioned on COLON,0.9950259923934937,0.07500000298023224,gold-prefix trace readout; conditioned on valid state token,0.5817307829856873,0.5970524549484253,0.9944077134132385,0.6980879306793213,0.08195666968822479,0.9612983465194702,0.10291130095720291,0.22011975944042206,0.21808001399040222,0.11249999701976776,mixed only; direct answer CE; first-step local tables,4.267370223999023,7.266644477844238,0.5261081558620556,1.4518619506903538,4.2298712730407715,0.13675086557768262,-0.003137555020815037,0.03413933646385289,0.1522702379970679,2.5294578075408936,2.4590306282043457
4,process,500,43,1.0,1.0,after greedy trace; not a marginal over traces,1.0,1.0,gold-prefix trace readout; conditioned on valid state token,1.0,0.0017124669393524528,0.999993085861206,0.9960994720458984,0.0009422458242624998,1.0019471645355225,0.0035866815596818924,0.005516623612493277,0.005516623146831989,1.0,,,,,,,,,,,,
4,outcome,500,43,0.171875,0.171875,direct answer conditioned on COLON,0.9989230036735535,0.21250000596046448,omitted: trace query is out of distribution,,,,,,,,,,,,,,,,,,,,,,
4,both,500,43,0.21484375,0.21484375,direct answer conditioned on COLON,0.9966465830802917,0.13750000298023224,gold-prefix trace readout; conditioned on valid state token,0.9975961446762085,0.03342509642243385,0.9998419880867004,0.9135119915008545,0.022845081984996796,1.1178590059280396,0.04950664937496185,0.8311880826950073,0.8308310508728027,0.987500011920929,mixed only; direct answer CE; first-step local tables,5.340524673461914,1.5840946435928345,0.1355494471551974,1.0037766435604916,1.5343891382217407,0.12153098471037985,0.01063421437091395,-0.009650578082318263,0.03914911355216769,2.5918867588043213,0.07788940519094467
4,process,1000,43,1.0,1.0,after greedy trace; not a marginal over traces,1.0,1.0,gold-prefix trace readout; conditioned on valid state token,1.0,0.0004200186231173575,0.9999978542327881,0.999211311340332,0.00024302203382831067,1.000748634338379,0.0006654389435425401,0.0014456463977694511,0.0014456463977694511,1.0,,,,,,,,,,,,
4,outcome,1000,43,0.2265625,0.2265625,direct answer conditioned on COLON,0.9993923902511597,0.1875,omitted: trace query is out of distribution,,,,,,,,,,,,,,,,,,,,,,
4,both,1000,43,0.1953125,0.1953125,direct answer conditioned on COLON,0.993951678276062,0.20000000298023224,gold-prefix trace readout; conditioned on valid state token,1.0,0.010800779797136784,0.9999619126319885,0.9833694696426392,0.007243519648909569,1.072419285774231,0.02945617027580738,0.8425752520561218,0.8419818878173828,1.0,mixed only; direct answer CE; first-step local tables,5.677651882171631,0.5105789303779602,0.07753849179821996,0.9970646429435573,0.5440360903739929,0.03651428660083241,-0.05912238448339116,-0.0029239927799853127,0.04946992488119554,2.3123509883880615,0.02145194821059704
4,process,2000,43,1.0,1.0,after greedy trace; not a marginal over traces,1.0,1.0,gold-prefix trace readout; conditioned on valid state token,1.0,0.00012073975813109428,0.9999991059303284,0.999673068523407,7.591558824060485e-05,1.0002816915512085,0.0002579387801233679,0.00042400500387884676,0.00042400500387884676,1.0,,,,,,,,,,,,
4,outcome,2000,43,0.2109375,0.2109375,direct answer conditioned on COLON,0.9995777010917664,0.22499999403953552,omitted: trace query is out of distribution,,,,,,,,,,,,,,,,,,,,,,
4,both,2000,43,0.26953125,0.26953125,direct answer conditioned on COLON,0.9978984594345093,0.17499999701976776,gold-prefix trace readout; conditioned on valid state token,1.0,0.007065693847835064,0.9999474883079529,0.9579023718833923,0.005961755756288767,1.091110348701477,0.03467681258916855,0.8497157096862793,0.8494638204574585,1.0,mixed only; direct answer CE; first-step local tables,7.356924057006836,3.306708574295044,0.010208589959230735,1.0921738269244081,3.1059305667877197,0.008405685678108846,-0.025585363542339676,0.00031170442443951077,0.01946548880170173,2.4795114994049072,0.03340665251016617
4,process,0,44,0.0,0.0,after greedy trace; not a marginal over traces,0.0,0.0,gold-prefix trace readout; conditioned on valid state token,0.05528846010565758,0.9371410012245178,0.2128630429506302,0.10544508695602417,0.24504239857196808,0.060276634991168976,0.25803104043006897,1.0,nan,0.07500000298023224,,,,,,,,,,,,
4,outcome,0,44,0.0,0.0,direct answer conditioned on COLON,0.16627486050128937,0.05000000074505806,omitted: trace query is out of distribution,,,,,,,,,,,,,,,,,,,,,,
4,both,0,44,0.0,0.0,direct answer conditioned on COLON,0.16627486050128937,0.05000000074505806,gold-prefix trace readout; conditioned on valid state token,0.05528846010565758,0.9371410012245178,0.2128630429506302,0.10544508695602417,0.24504239857196808,0.060276634991168976,0.25803104043006897,0.8343098759651184,0.4104333519935608,0.07500000298023224,mixed only; direct answer CE; first-step local tables,6.080891132354736,4.308811664581299,0.36916822321937687,0.9894022789005464,0.1292998045682907,0.0040663715853142025,0.012165117652377778,0.006005545152227133,0.059551389685351,5.292566776275635,3.1351425647735596
4,process,100,44,0.2890625,0.2734375,after greedy trace; not a marginal over traces,0.9999853372573853,0.3499999940395355,gold-prefix trace readout; conditioned on valid state token,0.7043269276618958,0.45059093832969666,0.9992573857307434,0.8683435916900635,0.08551990985870361,1.0940449237823486,0.12323103845119476,0.7516141533851624,0.751613974571228,0.32499998807907104,,,,,,,,,,,,
4,outcome,100,44,0.12109375,0.12109375,direct answer conditioned on COLON,0.9962506294250488,0.125,omitted: trace query is out of distribution,,,,,,,,,,,,,,,,,,,,,,
4,both,100,44,0.09375,0.09375,direct answer conditioned on COLON,0.9967266321182251,0.05000000074505806,gold-prefix trace readout; conditioned on valid state token,0.588942289352417,0.5569830536842346,0.9965328574180603,0.87800133228302,0.07386931777000427,1.0121650695800781,0.08948387950658798,0.21419794857501984,0.21287968754768372,0.17499999701976776,mixed only; direct answer CE; first-step local tables,4.216813087463379,6.4239044189453125,0.6118459033419295,1.206888538642484,3.086709976196289,0.20847083471201056,-0.08377538262310318,0.013844584691126347,0.15543250139004494,2.5355050563812256,2.4951579570770264
4,process,500,44,1.0,1.0,after greedy trace; not a marginal over traces,1.0,1.0,gold-prefix trace readout; conditioned on valid state token,1.0,0.0019062105566263199,0.999993622303009,0.997862696647644,0.0009393627988174558,1.0034116506576538,0.0033490429632365704,0.005497404374182224,0.005497402511537075,1.0,,,,,,,,,,,,
4,outcome,500,44,0.15234375,0.15234375,direct answer conditioned on COLON,0.9988753199577332,0.13750000298023224,omitted: trace query is out of distribution,,,,,,,,,,,,,,,,,,,,,,
4,both,500,44,0.17578125,0.17578125,direct answer conditioned on COLON,0.996799647808075,0.16249999403953552,gold-prefix trace readout; conditioned on valid state token,1.0,0.023776300251483917,0.9998772144317627,0.9577963948249817,0.010969603434205055,1.0609670877456665,0.03151020407676697,0.8265536427497864,0.8261961936950684,1.0,mixed only; direct answer CE; first-step local tables,5.079000949859619,5.180544853210449,0.07899627417404866,1.3708516512842353,4.887685298919678,0.07458445951500774,-0.03183729428640459,0.009944272755258029,0.04434747815139708,2.4773387908935547,0.12466071546077728
4,process,1000,44,1.0,1.0,after greedy trace; not a marginal over traces,1.0,1.0,gold-prefix trace readout; conditioned on valid state token,1.0,0.00046171568101271987,0.9999976754188538,0.9988619089126587,0.0002453681663610041,1.0005439519882202,0.00048366611008532345,0.001459407969377935,0.0014594042440876365,1.0,,,,,,,,,,,,
4,outcome,1000,44,0.24609375,0.24609375,direct answer conditioned on COLON,0.9987014532089233,0.1875,omitted: trace query is out of distribution,,,,,,,,,,,,,,,,,,,,,,
4,both,1000,44,0.21875,0.21875,direct answer conditioned on COLON,0.9961768984794617,0.22499999403953552,gold-prefix trace readout; conditioned on valid state token,1.0,0.005965443793684244,0.9999461770057678,0.992525577545166,0.003078013425692916,1.0219792127609253,0.011066901497542858,0.8527253270149231,0.8523046374320984,1.0,mixed only; direct answer CE; first-step local tables,6.129500389099121,0.21100486814975739,0.0905822538539536,0.9974663335639661,0.19904862344264984,0.07642903019802189,-0.0024807383110538343,0.003595898328003857,0.03303857226481808,2.5759682655334473,0.013025294989347458
4,process,2000,44,1.0,1.0,after greedy trace; not a marginal over traces,1.0,1.0,gold-prefix trace readout; conditioned on valid state token,1.0,0.00013510174176190048,0.9999991059303284,0.9996326565742493,8.001670357771218e-05,1.0002158880233765,0.00018375030776951462,0.0004413552233017981,0.00044135149801149964,1.0,,,,,,,,,,,,
4,outcome,2000,44,0.19921875,0.19921875,direct answer conditioned on COLON,0.9990497827529907,0.2874999940395355,omitted: trace query is out of distribution,,,,,,,,,,,,,,,,,,,,,,
4,both,2000,44,0.30078125,0.30078125,direct answer conditioned on COLON,0.9959239959716797,0.25,gold-prefix trace readout; conditioned on valid state token,1.0,0.008711028844118118,0.9999464750289917,0.9670772552490234,0.00823006872087717,1.0666004419326782,0.04144587740302086,0.844266414642334,0.8437533378601074,1.0,mixed only; direct answer CE; first-step local tables,5.193076133728027,0.31787174940109253,0.08013863848990546,0.9969594157200613,0.3132513761520386,0.08190826786820439,0.0563221439835532,0.0021062941123292326,0.020530196937221405,2.6020712852478027,0.009673473425209522
4,process,0,45,0.0,0.0,after greedy trace; not a marginal over traces,0.0,0.0,gold-prefix trace readout; conditioned on valid state token,0.06370192021131516,0.9374990463256836,0.25031882524490356,0.1397031992673874,0.22292588651180267,0.056558918207883835,0.2683055102825165,1.0,nan,0.0625,,,,,,,,,,,,
4,outcome,0,45,0.0,0.0,direct answer conditioned on COLON,0.2710278034210205,0.05000000074505806,omitted: trace query is out of distribution,,,,,,,,,,,,,,,,,,,,,,
4,both,0,45,0.0,0.0,direct answer conditioned on COLON,0.2710278034210205,0.05000000074505806,gold-prefix trace readout; conditioned on valid state token,0.06370192021131516,0.9374990463256836,0.25031882524490356,0.1397031992673874,0.22292588651180267,0.056558918207883835,0.2683055102825165,0.7455861568450928,0.3763301372528076,0.0625,mixed only; direct answer CE; first-step local tables,4.428786754608154,4.342911243438721,0.2876837614592925,1.1821100688760862,0.1691092997789383,0.03142638385296627,0.07528744859534987,0.011309575098530112,0.03487959838266361,4.361749172210693,3.005019426345825
4,process,100,45,0.22265625,0.1796875,after greedy trace; not a marginal over traces,0.9998766183853149,0.20000000298023224,gold-prefix trace readout; conditioned on valid state token,0.6682692170143127,0.48292049765586853,0.9985670447349548,0.6806714534759521,0.10525767505168915,1.1265513896942139,0.11670178920030594,0.7986370325088501,0.7986351251602173,0.2750000059604645,,,,,,,,,,,,
4,outcome,100,45,0.12890625,0.12890625,direct answer conditioned on COLON,0.9947706460952759,0.08749999850988388,omitted: trace query is out of distribution,,,,,,,,,,,,,,,,,,,,,,
4,both,100,45,0.078125,0.078125,direct answer conditioned on COLON,0.9968938827514648,0.125,gold-prefix trace readout; conditioned on valid state token,0.5865384340286255,0.5876713395118713,0.9932699799537659,0.8564661741256714,0.10965137928724289,0.9742715358734131,0.1464712768793106,0.24715840816497803,0.2460644245147705,0.13750000298023224,mixed only; direct answer CE; first-step local tables,4.065946102142334,7.431094646453857,0.5642094851841698,1.509280915107905,3.0349392890930176,0.2579366207953847,-0.011030178880354192,-0.02717733324944068,0.11647560328126776,2.6253581047058105,2.7685704231262207
4,process,500,45,1.0,1.0,after greedy trace; not a marginal over traces,0.9999985694885254,1.0,gold-prefix trace readout; conditioned on valid state token,1.0,0.002074670512229204,0.9999879598617554,0.9901783466339111,0.0020276899449527264,1.0155099630355835,0.007821771316230297,0.006426185369491577,0.006426183972507715,1.0,,,,,,,,,,,,
4,outcome,500,45,0.125,0.125,direct answer conditioned on COLON,0.99882972240448,0.13750000298023224,omitted: trace query is out of distribution,,,,,,,,,,,,,,,,,,,,,,
4,both,500,45,0.234375,0.234375,direct answer conditioned on COLON,0.9970138669013977,0.15000000596046448,gold-prefix trace readout; conditioned on valid state token,0.9987980723381042,0.033450838178396225,0.9998791217803955,0.9642577171325684,0.019282175227999687,1.1101250648498535,0.06772187352180481,0.811339259147644,0.8110008239746094,1.0,mixed only; direct answer CE; first-step local tables,5.871301651000977,2.4245593547821045,0.13703942448803877,1.0282735856994212,2.2704687118530273,0.1374722477660498,0.06287746059863568,-0.021374743204909827,0.042259023856977114,2.3898234367370605,0.11322622001171112
4,process,1000,45,1.0,1.0,after greedy trace; not a marginal over traces,0.9999996423721313,1.0,gold-prefix trace readout; conditioned on valid state token,1.0,0.0007719055283814669,0.9999955296516418,0.9972706437110901,0.0009396799141541123,1.012345790863037,0.007906636223196983,0.0019057212630286813,0.0019057175377383828,1.0,,,,,,,,,,,,
4,outcome,1000,45,0.1953125,0.1953125,direct answer conditioned on COLON,0.9992339015007019,0.13750000298023224,omitted: trace query is out of distribution,,,,,,,,,,,,,,,,,,,,,,
4,both,1000,45,0.27734375,0.27734375,direct answer conditioned on COLON,0.9969998598098755,0.23749999701976776,gold-prefix trace readout; conditioned on valid state token,0.9975961446762085,0.019577207043766975,0.9999369978904724,0.9521374106407166,0.01648595556616783,1.1345551013946533,0.05014756694436073,0.8251839876174927,0.8248229026794434,1.0,mixed only; direct answer CE; first-step local tables,5.1955156326293945,1.400894284248352,0.07423675517123995,1.0162027778445721,1.3599700927734375,0.06465004538754131,0.029377328232829805,0.00303234039461746,0.029102215896605922,2.253232002258301,0.039353370666503906
4,process,2000,45,1.0,1.0,after greedy trace; not a marginal over traces,0.9999998807907104,1.0,gold-prefix trace readout; conditioned on valid state token,1.0,0.00029585405718535185,0.9999980926513672,0.998700737953186,0.0003991292614955455,1.0120164155960083,0.007171892561018467,0.0005772763979621232,0.0005772756412625313,1.0,,,,,,,,,,,,
4,outcome,2000,45,0.1953125,0.1953125,direct answer conditioned on COLON,0.9992352724075317,0.3125,omitted: trace query is out of distribution,,,,,,,,,,,,,,,,,,,,,,
4,both,2000,45,0.2890625,0.2890625,direct answer conditioned on COLON,0.9981917142868042,0.20000000298023224,gold-prefix trace readout; conditioned on valid state token,1.0,0.01638987474143505,0.9999480843544006,0.8965393900871277,0.02021588198840618,1.1120083332061768,0.04642610251903534,0.7939415574073792,0.7936820983886719,1.0,mixed only; direct answer CE; first-step local tables,9.863302230834961,1.8471651077270508,-0.0043427173912417615,1.0181825881790552,1.748685359954834,-0.0060301253060300545,0.006214868701641598,0.002978010090054139,0.013908385540535383,2.473971128463745,0.032653000205755234
4,process,0,46,0.0,0.0,after greedy trace; not a marginal over traces,0.0,0.0,gold-prefix trace readout; conditioned on valid state token,0.0625,0.9377462863922119,0.2258904129266739,0.10932894796133041,0.23977714776992798,0.05330882593989372,0.40808892250061035,1.0,nan,0.05000000074505806,,,,,,,,,,,,
4,outcome,0,46,0.0,0.0,direct answer conditioned on COLON,0.20578007400035858,0.02500000037252903,omitted: trace query is out of distribution,,,,,,,,,,,,,,,,,,,,,,
4,both,0,46,0.0,0.0,direct answer conditioned on COLON,0.20578007400035858,0.02500000037252903,gold-prefix trace readout; conditioned on valid state token,0.0625,0.9377462863922119,0.2258904129266739,0.10932894796133041,0.23977714776992798,0.05330882593989372,0.40808892250061035,0.7954842448234558,0.34736865758895874,0.05000000074505806,mixed only; direct answer CE; first-step local tables,5.563296318054199,5.36279296875,0.3414906606437489,1.1273204824721323,0.16844747960567474,0.0010947720542211362,0.047000740761547026,-0.016716493578210454,0.022917219712437483,5.010104656219482,3.4557952880859375
4,process,100,46,0.28515625,0.234375,after greedy trace; not a marginal over traces,0.9999513626098633,0.30000001192092896,gold-prefix trace readout; conditioned on valid state token,0.7091346383094788,0.4506784677505493,0.9985752701759338,0.7005023956298828,0.11175542324781418,1.0593304634094238,0.1031910851597786,0.7620039582252502,0.7620025873184204,0.3499999940395355,,,,,,,,,,,,
4,outcome,100,46,0.109375,0.109375,direct answer conditioned on COLON,0.9967902302742004,0.11249999701976776,omitted: trace query is out of distribution,,,,,,,,,,,,,,,,,,,,,,
4,both,100,46,0.1015625,0.09765625,direct answer conditioned on COLON,0.9957483410835266,0.08749999850988388,gold-prefix trace readout; conditioned on valid state token,0.582932710647583,0.6171493530273438,0.9953292012214661,0.8331117033958435,0.09777069836854935,1.0022791624069214,0.12909077107906342,0.18655231595039368,0.1847103238105774,0.125,mixed only; direct answer CE; first-step local tables,4.5252685546875,6.435229778289795,0.5992616780891318,1.147995147824445,3.5486347675323486,0.008966661032780428,0.042193744304422985,0.006165305111403875,0.13467438127737827,2.5244526863098145,2.6822659969329834
4,process,500,46,1.0,1.0,after greedy trace; not a marginal over traces,0.9999958872795105,1.0,gold-prefix trace readout; conditioned on valid state token,1.0,0.0011274350108578801,0.9999914169311523,0.9979858994483948,0.0009198890184052289,1.0024060010910034,0.0017389545682817698,0.0037291261833161116,0.0037291240878403187,1.0,,,,,,,,,,,,
4,outcome,500,46,0.125,0.125,direct answer conditioned on COLON,0.9987123608589172,0.13750000298023224,omitted: trace query is out of distribution,,,,,,,,,,,,,,,,,,,,,,
4,both,500,46,0.24609375,0.24609375,direct answer conditioned on COLON,0.9980241060256958,0.22499999403953552,gold-prefix trace readout; conditioned on valid state token,0.9963942170143127,0.030119312927126884,0.9998721480369568,0.8110959529876709,0.01812935806810856,1.2218067646026611,0.0659695565700531,0.8006924390792847,0.8004662394523621,1.0,mixed only; direct answer CE; first-step local tables,14.10705280303955,1.3706040382385254,-0.0058774641130124134,1.0052761849276215,1.2643322944641113,-0.010756128095885427,-0.04904117422530139,-0.011940658132271919,0.032967959256288745,2.7064120769500732,0.07397833466529846
4,process,1000,46,1.0,1.0,after greedy trace; not a marginal over traces,0.9999984502792358,1.0,gold-prefix trace readout; conditioned on valid state token,1.0,0.00031382840825244784,0.9999969005584717,0.9973018765449524,0.0002721156633924693,1.0012686252593994,0.0009245637920685112,0.00115929392632097,0.0011592910159379244,1.0,,,,,,,,,,,,
4,outcome,1000,46,0.1796875,0.1796875,direct answer conditioned on COLON,0.9994848966598511,0.25,omitted: trace query is out of distribution,,,,,,,,,,,,,,,,,,,,,,
4,both,1000,46,0.21875,0.21875,direct answer conditioned on COLON,0.9964081048965454,0.22499999403953552,gold-prefix trace readout; conditioned on valid state token,1.0,0.008237693458795547,0.9999810457229614,0.9958145618438721,0.006163559388369322,1.0594857931137085,0.02900555171072483,0.8539760708808899,0.853577733039856,1.0,mixed only; direct answer CE; first-step local tables,4.452642917633057,0.578812301158905,0.046085575013920306,1.0024535576586049,0.5633310675621033,0.03869154778191367,-0.008083719262636914,-0.00440715102138014,0.027550878809693775,2.4068548679351807,0.022663868963718414
4,process,2000,46,1.0,1.0,after greedy trace; not a marginal over traces,0.9999991655349731,1.0,gold-prefix trace readout; conditioned on valid state token,1.0,9.431254875380546e-05,0.9999983906745911,0.9972758889198303,8.367188274860382e-05,1.0004277229309082,0.0003006602346431464,0.00036149407969787717,0.00036149335210211575,1.0,,,,,,,,,,,,
4,outcome,2000,46,0.1484375,0.1484375,direct answer conditioned on COLON,0.999267578125,0.25,omitted: trace query is out of distribution,,,,,,,,,,,,,,,,,,,,,,
4,both,2000,46,0.25390625,0.25390625,direct answer conditioned on COLON,0.996360182762146,0.17499999701976776,gold-prefix trace readout; conditioned on valid state token,1.0,0.003416795050725341,0.999979555606842,0.9932098984718323,0.0032647480256855488,1.0211718082427979,0.009920257143676281,0.8546638488769531,0.8542822599411011,1.0,mixed only; direct answer CE; first-step local tables,5.108541488647461,0.5005496144294739,-0.02514132884121865,1.0072353395583171,0.4743124842643738,-0.030961145453595483,0.02639776046230472,0.01734500166550494,0.0257307718420169,2.593963623046875,0.01188978087157011
6,process,0,42,0.02734375,0.0,after greedy trace; not a marginal over traces,0.0,0.0,gold-prefix trace readout; conditioned on valid state token,0.06370192021131516,0.9376824498176575,0.22254344820976257,0.11154752224683762,0.18957480788230896,0.06295177340507507,0.2640256881713867,1.0,nan,0.0625,,,,,,,,,,,,
6,outcome,0,42,0.0,0.0,direct answer conditioned on COLON,0.21817871928215027,0.05000000074505806,omitted: trace query is out of distribution,,,,,,,,,,,,,,,,,,,,,,
6,both,0,42,0.02734375,0.0,direct answer conditioned on COLON,0.21817871928215027,0.05000000074505806,gold-prefix trace readout; conditioned on valid state token,0.06370192021131516,0.9376824498176575,0.22254344820976257,0.11154752224683762,0.18957480788230896,0.06295177340507507,0.2640256881713867,0.7875441908836365,0.3576314151287079,0.0625,mixed only; direct answer CE; first-step local tables,5.552905082702637,4.261053085327148,0.36810611920151837,1.0118785403810606,0.08519534766674042,0.0497706011098535,-0.0043372202037704035,-0.0021578338174778134,0.02756879099470569,4.77077054977417,3.2916688919067383
6,process,100,42,0.16015625,0.078125,after greedy trace; not a marginal over traces,0.999909520149231,0.16249999403953552,gold-prefix trace readout; conditioned on valid state token,0.7019230723381042,0.4774354100227356,0.9990755915641785,0.8001680970191956,0.12493570148944855,1.041037678718567,0.11922123283147812,0.8258833885192871,0.825882077217102,0.16249999403953552,,,,,,,,,,,,
6,outcome,100,42,0.1015625,0.1015625,direct answer conditioned on COLON,0.9967368841171265,0.08749999850988388,omitted: trace query is out of distribution,,,,,,,,,,,,,,,,,,,,,,
6,both,100,42,0.0703125,0.0703125,direct answer conditioned on COLON,0.9963515400886536,0.07500000298023224,gold-prefix trace readout; conditioned on valid state token,0.5793269276618958,0.6149540543556213,0.9964684844017029,0.09643558412790298,0.12378907948732376,1.0061135292053223,0.10427816957235336,0.25082141160964966,0.24953022599220276,0.11249999701976776,mixed only; direct answer CE; first-step local tables,6.472067832946777,8.947041511535645,0.5127502738201097,1.2220439095227185,3.763038396835327,0.17269396723039554,0.08528936565635106,0.009742768160346825,0.09236985832079156,2.882744789123535,2.6269335746765137
6,process,500,42,1.0,1.0,after greedy trace; not a marginal over traces,0.9999987483024597,1.0,gold-prefix trace readout; conditioned on valid state token,1.0,0.0013520632637664676,0.9999884366989136,0.9686701893806458,0.0012067443458363414,1.0099563598632812,0.0055877044796943665,0.005858623422682285,0.005858620163053274,1.0,,,,,,,,,,,,
6,outcome,500,42,0.078125,0.078125,direct answer conditioned on COLON,0.9988501667976379,0.03750000149011612,omitted: trace query is out of distribution,,,,,,,,,,,,,,,,,,,,,,
6,both,500,42,0.08984375,0.08984375,direct answer conditioned on COLON,0.9946983456611633,0.07500000298023224,gold-prefix trace readout; conditioned on valid state token,1.0,0.015612081624567509,0.9999760389328003,0.987504243850708,0.01046078186482191,1.0285511016845703,0.022753743454813957,0.8620003461837769,0.861585259437561,1.0,mixed only; direct answer CE; first-step local tables,5.152377605438232,2.0302977561950684,0.12753959861635605,1.027015676260923,1.9612318277359009,0.11837116600546553,-0.003909356828779612,0.000413003646247332,0.02648449508430338,2.751066207885742,0.10944082587957382
6,process,1000,42,1.0,1.0,after greedy trace; not a marginal over traces,0.9999995231628418,1.0,gold-prefix trace readout; conditioned on valid state token,1.0,0.0005505791050381958,0.9999948143959045,0.9778377413749695,0.0006513833650387824,1.020000696182251,0.009086167439818382,0.0016677409876137972,0.0016677394742146134,1.0,,,,,,,,,,,,
6,outcome,1000,42,0.078125,0.078125,direct answer conditioned on COLON,0.9987902641296387,0.16249999403953552,omitted: trace query is out of distribution,,,,,,,,,,,,,,,,,,,,,,
6,both,1000,42,0.078125,0.078125,direct answer conditioned on COLON,0.997362494468689,0.10000000149011612,gold-prefix trace readout; conditioned on valid state token,1.0,0.010598262771964073,0.9999483823776245,0.8877111077308655,0.009466803632676601,1.0540505647659302,0.024563921615481377,0.8824706077575684,0.882256805896759,1.0,mixed only; direct answer CE; first-step local tables,3.8011415004730225,1.2738597393035889,0.05207399033586931,1.0379817831402502,1.269088625907898,0.0509243702275985,0.03496063988000865,0.005164079852142555,0.02474253076390485,2.721550703048706,0.04796160012483597
6,process,2000,42,1.0,1.0,after greedy trace; not a marginal over traces,0.9999998211860657,1.0,gold-prefix trace readout; conditioned on valid state token,1.0,0.0002483089338056743,0.999997079372406,0.9828007817268372,0.00033805580460466444,1.0133148431777954,0.006137239281088114,0.0005369470454752445,0.0005369455320760608,1.0,,,,,,,,,,,,
6,outcome,2000,42,0.08984375,0.08984375,direct answer conditioned on COLON,0.9997338056564331,0.15000000596046448,omitted: trace query is out of distribution,,,,,,,,,,,,,,,,,,,,,,
6,both,2000,42,0.2265625,0.2265625,direct answer conditioned on COLON,0.9980848431587219,0.10000000149011612,gold-prefix trace readout; conditioned on valid state token,1.0,0.0032367247622460127,0.9998959302902222,0.563607394695282,0.0030301103834062815,1.0158023834228516,0.013020079582929611,0.9146402478218079,0.9145029783248901,1.0,mixed only; direct answer CE; first-step local tables,4.133652210235596,0.39434975385665894,0.03248237022562747,1.0014490886210783,0.38540661334991455,0.030452945241544932,0.011464575961096325,0.009166542134286498,0.03002989352075263,2.764373540878296,0.015241890214383602
6,process,0,43,0.01171875,0.0,after greedy trace; not a marginal over traces,0.0,0.0,gold-prefix trace readout; conditioned on valid state token,0.06370192021131516,0.9375357031822205,0.22804734110832214,0.1098264753818512,0.20220398902893066,0.051709190011024475,0.25310981273651123,1.0,nan,0.10000000149011612,,,,,,,,,,,,
6,outcome,0,43,0.0,0.0,direct answer conditioned on COLON,0.323478639125824,0.03750000149011612,omitted: trace query is out of distribution,,,,,,,,,,,,,,,,,,,,,,
6,both,0,43,0.01171875,0.0,direct answer conditioned on COLON,0.323478639125824,0.03750000149011612,gold-prefix trace readout; conditioned on valid state token,0.06370192021131516,0.9375357031822205,0.22804734110832214,0.1098264753818512,0.20220398902893066,0.051709190011024475,0.25310981273651123,0.705595850944519,0.41176992654800415,0.10000000149011612,mixed only; direct answer CE; first-step local tables,5.9298529624938965,4.0138258934021,0.4224098864737414,0.9414498605357451,0.09077899903059006,0.02969164496984812,0.02165427910667799,0.01122271991958357,0.03639805792128405,4.225237846374512,2.9426262378692627
6,process,100,43,0.2109375,0.140625,after greedy trace; not a marginal over traces,0.999983012676239,0.17499999701976776,gold-prefix trace readout; conditioned on valid state token,0.6899038553237915,0.4563065767288208,0.9988787770271301,0.558535635471344,0.10717497020959854,1.0425316095352173,0.11150883883237839,0.8127530813217163,0.8127525448799133,0.13750000298023224,,,,,,,,,,,,
6,outcome,100,43,0.09375,0.09375,direct answer conditioned on COLON,0.9970566630363464,0.05000000074505806,omitted: trace query is out of distribution,,,,,,,,,,,,,,,,,,,,,,
6,both,100,43,0.078125,0.078125,direct answer conditioned on COLON,0.9980767965316772,0.11249999701976776,gold-prefix trace readout; conditioned on valid state token,0.567307710647583,0.6079615950584412,0.996126115322113,0.7092753648757935,0.11407794803380966,1.0161385536193848,0.12232841551303864,0.24947801232337952,0.2488095760345459,0.125,mixed only; direct answer CE; first-step local tables,6.706693172454834,10.423542022705078,0.673962579161481,1.149170402607047,3.021879196166992,0.13505346826344442,0.05163353943424001,-0.028271375802154157,0.09012994912072,2.7803072929382324,2.6593685150146484
6,process,500,43,1.0,1.0,after greedy trace; not a marginal over traces,1.0,1.0,gold-prefix trace readout; conditioned on valid state token,1.0,0.0013942408841103315,0.9999960064888,0.9958648681640625,0.001092777936719358,1.0132867097854614,0.006872567348182201,0.00804256834089756,0.008042567409574986,1.0,,,,,,,,,,,,
6,outcome,500,43,0.09765625,0.09765625,direct answer conditioned on COLON,0.9989906549453735,0.05000000074505806,omitted: trace query is out of distribution,,,,,,,,,,,,,,,,,,,,,,
6,both,500,43,0.10546875,0.10546875,direct answer conditioned on COLON,0.9973533749580383,0.10000000149011612,gold-prefix trace readout; conditioned on valid state token,1.0,0.017210617661476135,0.9999516606330872,0.9686023592948914,0.01245622057467699,1.0373303890228271,0.019174251705408096,0.8495486974716187,0.8493136167526245,1.0,mixed only; direct answer CE; first-step local tables,5.421991348266602,2.865380048751831,0.1913548035185129,1.0378014095828416,2.682593822479248,0.18344367958169203,0.06653845209418902,-0.001656778286439316,0.06032047359135951,2.9154000282287598,0.1380232572555542
6,process,1000,43,1.0,1.0,after greedy trace; not a marginal over traces,1.0,1.0,gold-prefix trace readout; conditioned on valid state token,1.0,0.0004294425598345697,0.9999987483024597,0.9990850687026978,0.0004328587092459202,1.0142074823379517,0.006777079775929451,0.0027836475055664778,0.002783646108582616,1.0,,,,,,,,,,,,
6,outcome,1000,43,0.05078125,0.05078125,direct answer conditioned on COLON,0.9976037740707397,0.15000000596046448,omitted: trace query is out of distribution,,,,,,,,,,,,,,,,,,,,,,
6,both,1000,43,0.08984375,0.08984375,direct answer conditioned on COLON,0.9976946711540222,0.11249999701976776,gold-prefix trace readout; conditioned on valid state token,1.0,0.00667766435071826,0.9999720454216003,0.9884188771247864,0.0060814726166427135,1.019224762916565,0.014095131307840347,0.894488513469696,0.8943105936050415,1.0,mixed only; direct answer CE; first-step local tables,4.321937084197998,0.9120258688926697,0.11932684127549142,0.9970791368128831,0.8517777323722839,0.1086784199542298,0.03699014938059814,0.028609818892698806,0.03636275665219782,2.767768144607544,0.03605464845895767
6,process,2000,43,1.0,1.0,after greedy trace; not a marginal over traces,1.0,1.0,gold-prefix trace readout; conditioned on valid state token,1.0,0.00018738598737400025,0.9999994039535522,0.9996659755706787,0.00024640612537041306,1.0150057077407837,0.006911813747137785,0.001493333838880062,0.0014933331403881311,1.0,,,,,,,,,,,,
6,outcome,2000,43,0.04296875,0.04296875,direct answer conditioned on COLON,0.9995489120483398,0.13750000298023224,omitted: trace query is out of distribution,,,,,,,,,,,,,,,,,,,,,,
6,both,2000,43,0.234375,0.234375,direct answer conditioned on COLON,0.9966460466384888,0.125,gold-prefix trace readout; conditioned on valid state token,1.0,0.009106968529522419,0.9999661445617676,0.9747968316078186,0.010521205142140388,1.0412025451660156,0.01995442993938923,0.87537682056427,0.8750651478767395,1.0,mixed only; direct answer CE; first-step local tables,4.384571075439453,1.3157877922058105,0.03524761741148886,1.0338764769803783,1.2526109218597412,0.035018610275069285,0.029344410285067134,0.003375005904124406,0.038969248035346696,2.3234615325927734,0.0369810089468956
6,process,0,44,0.0,0.0,after greedy trace; not a marginal over traces,0.0,0.0,gold-prefix trace readout; conditioned on valid state token,0.0625,0.9376005530357361,0.22356955707073212,0.12778238952159882,0.2185307741165161,0.04339038208127022,0.23431037366390228,1.0,nan,0.0625,,,,,,,,,,,,
6,outcome,0,44,0.0,0.0,direct answer conditioned on COLON,0.22593514621257782,0.125,omitted: trace query is out of distribution,,,,,,,,,,,,,,,,,,,,,,
6,both,0,44,0.0,0.0,direct answer conditioned on COLON,0.22593514621257782,0.125,gold-prefix trace readout; conditioned on valid state token,0.0625,0.9376005530357361,0.22356955707073212,0.12778238952159882,0.2185307741165161,0.04339038208127022,0.23431037366390228,0.7828629016876221,0.33808407187461853,0.0625,mixed only; direct answer CE; first-step local tables,6.008581161499023,4.302275657653809,0.3605508536948435,0.9981800517867443,0.0735887736082077,0.05729005114795432,0.08167161131704455,-0.002481045096466364,0.030138636338831508,4.3701252937316895,3.302932024002075
6,process,100,44,0.13671875,0.05078125,after greedy trace; not a marginal over traces,0.9999252557754517,0.17499999701976776,gold-prefix trace readout; conditioned on valid state token,0.6790865659713745,0.4980201721191406,0.9993066787719727,0.7680319547653198,0.13056117296218872,1.029313325881958,0.10692068934440613,0.8337030410766602,0.8337019085884094,0.16249999403953552,,,,,,,,,,,,
6,outcome,100,44,0.09765625,0.09765625,direct answer conditioned on COLON,0.9967530369758606,0.10000000149011612,omitted: trace query is out of distribution,,,,,,,,,,,,,,,,,,,,,,
6,both,100,44,0.08203125,0.08203125,direct answer conditioned on COLON,0.9968602061271667,0.07500000298023224,gold-prefix trace readout; conditioned on valid state token,0.578125,0.6316355466842651,0.9973475337028503,0.8884293437004089,0.11764112859964371,1.0061702728271484,0.12056577950716019,0.21809442341327667,0.21697166562080383,0.125,mixed only; direct answer CE; first-step local tables,6.436233043670654,9.03361701965332,0.6635319109458802,1.0523127579919007,2.1180388927459717,0.24672729978175353,0.10338687811127477,0.015770263353696516,0.13667456080765794,2.8429317474365234,2.832935094833374
6,process,500,44,1.0,1.0,after greedy trace; not a marginal over traces,1.0,0.987500011920929,gold-prefix trace readout; conditioned on valid state token,1.0,0.0013067142572253942,0.999997079372406,0.9974142909049988,0.0011579935671761632,1.0179141759872437,0.008843012154102325,0.01945449598133564,0.019454490393400192,1.0,,,,,,,,,,,,
6,outcome,500,44,0.078125,0.078125,direct answer conditioned on COLON,0.9987961649894714,0.125,omitted: trace query is out of distribution,,,,,,,,,,,,,,,,,,,,,,
6,both,500,44,0.09375,0.09375,direct answer conditioned on COLON,0.9969305992126465,0.08749999850988388,gold-prefix trace readout; conditioned on valid state token,1.0,0.01804623194038868,0.9999650716781616,0.983403205871582,0.011635714210569859,1.052243709564209,0.028916779905557632,0.8275368809700012,0.8272701501846313,1.0,mixed only; direct answer CE; first-step local tables,5.67304801940918,5.4414801597595215,0.1508842882893882,1.2769404409962508,5.014267444610596,0.14891537080852468,0.09228972676265601,-0.004901780538169973,0.08082993162030433,2.681220054626465,0.27723070979118347
6,process,1000,44,1.0,1.0,after greedy trace; not a marginal over traces,1.0,1.0,gold-prefix trace readout; conditioned on valid state token,1.0,0.0004313479003030807,0.9999988079071045,0.9984543323516846,0.0004715554532594979,1.0154474973678589,0.00736504141241312,0.0019173473119735718,0.0019173413747921586,1.0,,,,,,,,,,,,
6,outcome,1000,44,0.09375,0.09375,direct answer conditioned on COLON,0.9989191293716431,0.16249999403953552,omitted: trace query is out of distribution,,,,,,,,,,,,,,,,,,,,,,
6,both,1000,44,0.12890625,0.12890625,direct answer conditioned on COLON,0.9963172674179077,0.16249999403953552,gold-prefix trace readout; conditioned on valid state token,1.0,0.006459362804889679,0.9999281764030457,0.8870745897293091,0.005481295753270388,1.0347093343734741,0.01723097823560238,0.8773288726806641,0.8769874572753906,1.0,mixed only; direct answer CE; first-step local tables,4.161366939544678,3.082890033721924,0.08028199063054277,1.195778077256392,2.8790719509124756,0.07911986965863978,0.0613188943529943,-0.024903213510755723,0.05336899863650188,2.502389669418335,0.09439504146575928
6,process,2000,44,1.0,1.0,after greedy trace; not a marginal over traces,1.0,1.0,gold-prefix trace readout; conditioned on valid state token,1.0,0.00018257793271914124,0.9999995231628418,0.9991073608398438,0.00024360560928471386,1.0128518342971802,0.006030327174812555,0.0005720775225199759,0.0005720730405300856,1.0,,,,,,,,,,,,
6,outcome,2000,44,0.09375,0.09375,direct answer conditioned on COLON,0.9997413754463196,0.10000000149011612,omitted: trace query is out of distribution,,,,,,,,,,,,,,,,,,,,,,
6,both,2000,44,0.23046875,0.23046875,direct answer conditioned on COLON,0.998025119304657,0.20000000298023224,gold-prefix trace readout; conditioned on valid state token,1.0,0.004929030314087868,0.9999673366546631,0.9648872017860413,0.005026909522712231,1.0368142127990723,0.017014004290103912,0.8835871815681458,0.8833972215652466,1.0,mixed only; direct answer CE; first-step local tables,4.125825881958008,11.3728666305542,0.009666576388752828,2.9231892251982203,10.535256385803223,0.00737603939245516,0.002949126485852437,-0.016817241341477846,0.03191178894791559,2.09240460395813,0.19297924637794495
6,process,0,45,0.0,0.0,after greedy trace; not a marginal over traces,0.0,0.0,gold-prefix trace readout; conditioned on valid state token,0.0625,0.9374285340309143,0.21060329675674438,0.11686118692159653,0.19245772063732147,0.04400070384144783,0.22585409879684448,1.0,nan,0.08749999850988388,,,,,,,,,,,,
6,outcome,0,45,0.0,0.0,direct answer conditioned on COLON,0.21136808395385742,0.07500000298023224,omitted: trace query is out of distribution,,,,,,,,,,,,,,,,,,,,,,
6,both,0,45,0.0,0.0,direct answer conditioned on COLON,0.21136808395385742,0.07500000298023224,gold-prefix trace readout; conditioned on valid state token,0.0625,0.9374285340309143,0.21060329675674438,0.11686118692159653,0.19245772063732147,0.04400070384144783,0.22585409879684448,0.7943852543830872,0.36404934525489807,0.08749999850988388,mixed only; direct answer CE; first-step local tables,5.976779937744141,4.669087886810303,0.28926656222517383,1.0762565444859096,0.1308852881193161,-0.019391453854954863,0.0029960208353594408,-0.008393010238191265,0.0292158665361465,4.819381237030029,3.2958121299743652
6,process,100,45,0.16015625,0.12109375,after greedy trace; not a marginal over traces,0.9997208714485168,0.1875,gold-prefix trace readout; conditioned on valid state token,0.6862980723381042,0.4705851376056671,0.9988086223602295,0.8621561527252197,0.1008533462882042,1.0306415557861328,0.09864556789398193,0.7927780747413635,0.7927741408348083,0.22499999403953552,,,,,,,,,,,,
6,outcome,100,45,0.12109375,0.12109375,direct answer conditioned on COLON,0.9968255758285522,0.0625,omitted: trace query is out of distribution,,,,,,,,,,,,,,,,,,,,,,
6,both,100,45,0.07421875,0.07421875,direct answer conditioned on COLON,0.997698187828064,0.07500000298023224,gold-prefix trace readout; conditioned on valid state token,0.5757211446762085,0.6021343469619751,0.9959669709205627,0.7335378527641296,0.11032921075820923,1.0428776741027832,0.1000707671046257,0.21137747168540955,0.21054768562316895,0.11249999701976776,mixed only; direct answer CE; first-step local tables,7.010070323944092,9.230076789855957,0.6629549164791355,0.9939107621475088,3.486743927001953,0.2811177531630383,0.13313606461469304,0.0017131022273667272,0.1307897554027076,2.9025566577911377,2.706846237182617
6,process,500,45,1.0,1.0,after greedy trace; not a marginal over traces,0.9999955892562866,1.0,gold-prefix trace readout; conditioned on valid state token,1.0,0.0015601610066369176,0.9999966621398926,0.9985967874526978,0.0011714461725205183,1.0042479038238525,0.003732419805601239,0.006624150089919567,0.006624138448387384,1.0,,,,,,,,,,,,
6,outcome,500,45,0.09375,0.09375,direct answer conditioned on COLON,0.9990399479866028,0.0625,omitted: trace query is out of distribution,,,,,,,,,,,,,,,,,,,,,,
6,both,500,45,0.09375,0.09375,direct answer conditioned on COLON,0.9960808753967285,0.15000000596046448,gold-prefix trace readout; conditioned on valid state token,0.9987980723381042,0.018641401082277298,0.9999186992645264,0.9745450019836426,0.010884477756917477,1.0919240713119507,0.043734584003686905,0.8516041040420532,0.8512712717056274,1.0,mixed only; direct answer CE; first-step local tables,5.111060619354248,2.6788148880004883,0.033428617454969355,1.1134007191749797,2.5044713020324707,0.02312052172570696,-0.0714710485147367,0.018752224529227077,0.05445973938880832,2.7821967601776123,0.15258841216564178
6,process,1000,45,1.0,1.0,after greedy trace; not a marginal over traces,0.9999991655349731,1.0,gold-prefix trace readout; conditioned on valid state token,1.0,0.00044719845755025744,0.9999986290931702,0.9993209838867188,0.0004094585601706058,1.0053989887237549,0.0026253031101077795,0.0017623119056224823,0.0017623074818402529,1.0,,,,,,,,,,,,
6,outcome,1000,45,0.1171875,0.1171875,direct answer conditioned on COLON,0.9991227984428406,0.11249999701976776,omitted: trace query is out of distribution,,,,,,,,,,,,,,,,,,,,,,
6,both,1000,45,0.08203125,0.08203125,direct answer conditioned on COLON,0.9957197308540344,0.11249999701976776,gold-prefix trace readout; conditioned on valid state token,1.0,0.009012285619974136,0.9998873472213745,0.7895432114601135,0.0066915699280798435,1.0334291458129883,0.02380315214395523,0.8787277340888977,0.8783817291259766,1.0,mixed only; direct answer CE; first-step local tables,4.2877092361450195,1.9802855253219604,0.023426217368713906,1.0916347882523734,1.8920305967330933,0.01815910453228448,-0.026296349868183112,0.008275589998557473,0.03422393589240005,2.695220947265625,0.07833950221538544
6,process,2000,45,1.0,1.0,after greedy trace; not a marginal over traces,0.9999998211860657,1.0,gold-prefix trace readout; conditioned on valid state token,1.0,0.00013128343562129885,0.9999993443489075,0.9997280240058899,0.0001244910090463236,1.0011812448501587,0.0008013588958419859,0.000512173748575151,0.0005121707799844444,1.0,,,,,,,,,,,,
6,outcome,2000,45,0.0703125,0.0703125,direct answer conditioned on COLON,0.9996819496154785,0.08749999850988388,omitted: trace query is out of distribution,,,,,,,,,,,,,,,,,,,,,,
6,both,2000,45,0.1796875,0.1796875,direct answer conditioned on COLON,0.9964316487312317,0.11249999701976776,gold-prefix trace readout; conditioned on valid state token,1.0,0.0056348759680986404,0.9999094009399414,0.946132242679596,0.0041412771679461,1.072489857673645,0.02982180193066597,0.902134895324707,0.9018570780754089,1.0,mixed only; direct answer CE; first-step local tables,5.574979782104492,1.815161943435669,0.057709371715689746,1.0336478046594215,1.708065152168274,0.057492233342246714,-0.0059333296196611065,0.013165477008506475,0.03419869774480232,2.7247188091278076,0.03467949107289314
6,process,0,46,0.0,0.0,after greedy trace; not a marginal over traces,0.0,0.0,gold-prefix trace readout; conditioned on valid state token,0.06009615212678909,0.9378775358200073,0.24276457726955414,0.11039985716342926,0.22307513654232025,0.034231141209602356,0.31141847372055054,1.0,nan,0.05000000074505806,,,,,,,,,,,,
6,outcome,0,46,0.0,0.0,direct answer conditioned on COLON,0.23427709937095642,0.03750000149011612,omitted: trace query is out of distribution,,,,,,,,,,,,,,,,,,,,,,
6,both,0,46,0.0,0.0,direct answer conditioned on COLON,0.23427709937095642,0.03750000149011612,gold-prefix trace readout; conditioned on valid state token,0.06009615212678909,0.9378775358200073,0.24276457726955414,0.11039985716342926,0.22307513654232025,0.034231141209602356,0.31141847372055054,0.7728136777877808,0.3733038604259491,0.05000000074505806,mixed only; direct answer CE; first-step local tables,5.277842044830322,4.234551906585693,0.32575066558748017,1.058777946696539,0.06584607809782028,0.016580383231779818,-0.0452710799571276,0.00799372474380438,0.02685445023311441,4.522348880767822,3.227179765701294
6,process,100,46,0.1484375,0.0625,after greedy trace; not a marginal over traces,0.9998021125793457,0.13750000298023224,gold-prefix trace readout; conditioned on valid state token,0.6538461446762085,0.5142397284507751,0.9981692433357239,0.45971953868865967,0.11388155072927475,1.0547304153442383,0.1101469099521637,0.8077294230461121,0.8077234029769897,0.13750000298023224,,,,,,,,,,,,
6,outcome,100,46,0.06640625,0.06640625,direct answer conditioned on COLON,0.9970523715019226,0.07500000298023224,omitted: trace query is out of distribution,,,,,,,,,,,,,,,,,,,,,,
6,both,100,46,0.0703125,0.0703125,direct answer conditioned on COLON,0.9964805841445923,0.07500000298023224,gold-prefix trace readout; conditioned on valid state token,0.578125,0.5951481461524963,0.9968340992927551,0.6233565211296082,0.11294468492269516,0.992475152015686,0.10582046210765839,0.22146651148796082,0.22000320255756378,0.16249999403953552,mixed only; direct answer CE; first-step local tables,6.179444313049316,10.695777893066406,0.5193277370095675,1.4826049132224945,4.247768402099609,-0.020294448877761273,0.049855195842095,-0.04417549458988431,0.16253774822901204,2.8012242317199707,2.824639081954956
6,process,500,46,1.0,1.0,after greedy trace; not a marginal over traces,0.9999998211860657,1.0,gold-prefix trace readout; conditioned on valid state token,1.0,0.0015288331778720021,0.9999966025352478,0.9976927042007446,0.0013175687054172158,1.0066218376159668,0.004174009896814823,0.008087996393442154,0.008087987080216408,1.0,,,,,,,,,,,,
6,outcome,500,46,0.09375,0.09375,direct answer conditioned on COLON,0.9984453916549683,0.08749999850988388,omitted: trace query is out of distribution,,,,,,,,,,,,,,,,,,,,,,
6,both,500,46,0.1015625,0.1015625,direct answer conditioned on COLON,0.9959996342658997,0.08749999850988388,gold-prefix trace readout; conditioned on valid state token,1.0,0.013901472091674805,0.9999669194221497,0.9764748215675354,0.009336166083812714,1.082638144493103,0.03533914312720299,0.8659790754318237,0.8656787872314453,1.0,mixed only; direct answer CE; first-step local tables,5.63727331161499,1.1598008871078491,0.2035880127660009,0.979058076998912,1.0945252180099487,0.19600405480274413,0.0067689654085657,-0.005346684006139633,0.04681160261543857,2.8228909969329834,0.04946530982851982
6,process,1000,46,1.0,1.0,after greedy trace; not a marginal over traces,0.9999998807907104,1.0,gold-prefix trace readout; conditioned on valid state token,1.0,0.00044398693717084825,0.9999988079071045,0.9984332919120789,0.00045060718548484147,1.0041744709014893,0.0029314765706658363,0.0024523420725017786,0.002452340442687273,1.0,,,,,,,,,,,,
6,outcome,1000,46,0.09375,0.09375,direct answer conditioned on COLON,0.9994487762451172,0.11249999701976776,omitted: trace query is out of distribution,,,,,,,,,,,,,,,,,,,,,,
6,both,1000,46,0.08203125,0.08203125,direct answer conditioned on COLON,0.9968487620353699,0.05000000074505806,gold-prefix trace readout; conditioned on valid state token,1.0,0.004503580275923014,0.9999285936355591,0.9467312097549438,0.0036477057728916407,1.0124843120574951,0.008506874553859234,0.9053558111190796,0.9051445126533508,1.0,mixed only; direct answer CE; first-step local tables,4.064692497253418,0.6444838643074036,0.054732186356173766,1.0038834960567922,0.6160224080085754,0.04038868583270339,-0.0035061188417285284,0.0014934468579076137,0.04731050402081618,2.6863646507263184,0.023290716111660004
6,process,2000,46,1.0,1.0,after greedy trace; not a marginal over traces,1.0,1.0,gold-prefix trace readout; conditioned on valid state token,1.0,0.00013093500456307083,0.9999994039535522,0.9988654255867004,0.0001387559314025566,1.0011852979660034,0.0009881642181426287,0.0007889598491601646,0.0007889553671702743,1.0,,,,,,,,,,,,
6,outcome,2000,46,0.08984375,0.08984375,direct answer conditioned on COLON,0.9994966387748718,0.16249999403953552,omitted: trace query is out of distribution,,,,,,,,,,,,,,,,,,,,,,
6,both,2000,46,0.203125,0.203125,direct answer conditioned on COLON,0.9960669279098511,0.11249999701976776,gold-prefix trace readout; conditioned on valid state token,1.0,0.002782674739137292,0.9999891519546509,0.9829460382461548,0.0027327239513397217,1.0133721828460693,0.008613104932010174,0.9061735272407532,0.9058583378791809,1.0,mixed only; direct answer CE; first-step local tables,5.075788974761963,0.8214017748832703,0.024948900698638636,1.0090146261506077,0.7871419787406921,0.02180916230441475,-0.0178650112204572,-0.0014304275330840758,0.02175316900075455,2.699162483215332,0.016400789842009544
