condition,trace_fraction,depth,seed,step,free_answer_acc,gamma_hat,eps_rule_hat,rule_recovery,credit_mean,credit_max,state_on_set_mass,delta_comp_tv,delta_comp_gold,product_answer_acc,model_answer_acc,answer_on_set_mass,exponent_target,exponent_fit_conditional,exponent_r2_conditional,credit_by_lambda_conditional,eps_by_lambda_conditional,exponent_fit_proportional,exponent_r2_proportional,credit_by_lambda_proportional,eps_by_lambda_proportional,probe_seconds
both,0.02,4,2001,0,0.0,0.18921692811711893,0.015488909831897324,0.0625,0.890685030430066,15.331825275231658,8.683958267670582e-06,0.2813365475247729,0.03343290863595751,0.05,0.07666666666666666,5.6329601362843866e-06,3,,,,,,,,,5.8
both,0.02,4,2001,500,0.14,0.09168176819316178,0.7947473557029211,0.22596153846153846,0.8265716857243032,8.13382289539973,0.8975210867278147,0.18708358723337018,0.03085109843471704,0.08333333333333333,0.14,0.9909858171942164,3,,,,,,,,,1.7
both,0.02,4,2001,2000,0.19,0.17559418937372356,1.2363048261781564,0.3870192307692308,3.3282842162473054,388.94594891887084,0.9855700549396462,0.3619767776040605,0.06900120937788098,0.17666666666666667,0.2,0.9984728039915431,3,,,,,,,,,1.7
both,0.02,4,2001,4000,0.4033333333333333,0.22055291477112163,1.4986730671374613,0.5492788461538461,30.49107996299036,11552.790684808233,0.9982515571631674,0.6043504077018252,0.2193633606041537,0.21666666666666667,0.41,0.99847202971264,3,2.75021266209962,0.9935980910713276,"{""1"": 1.843733008942745, ""0.5"": 0.5540819985762081, ""0.25"": 0.08392214698898684, ""0.125"": 0.010642881065561506, ""0.0625"": 0.0013315944497684696, ""0.03125"": 0.00016645897071629288}","{""1"": 1.4986730671374613, ""0.5"": 0.7493365335687306, ""0.25"": 0.3746682667843653, ""0.125"": 0.18733413339218266, ""0.0625"": 0.09366706669609133, ""0.03125"": 0.046833533348045665}",1.9383869270117984,0.8830340064951416,"{""1"": 30.49107996299076, ""0.5"": 0.8010863841933389, ""0.25"": 0.2228634695201511, ""0.125"": 0.0854293383008733, ""0.0625"": 0.03877446016769676, ""0.03125"": 0.018704714008138244}","{""1"": 1.4986730671374613, ""0.5"": 0.7493365335687306, ""0.25"": 0.3746682667843653, ""0.125"": 0.18733413339218266, ""0.0625"": 0.09366706669609133, ""0.03125"": 0.046833533348045665}",2.0
both,0.02,4,2002,0,0.0,0.44717407208258025,0.019926507444186198,0.051682692307692304,4.635450972599588,77.36781741939056,7.802232705171909e-06,0.36709833620086235,0.044783806008338874,0.056666666666666664,0.06333333333333334,2.2392220448551086e-06,3,,,,,,,,,6.0
both,0.02,4,2002,500,0.10333333333333333,0.11251757823269908,0.7835492280594027,0.22235576923076922,0.780181186479057,17.043081154782346,0.9507625519495957,0.180420418873335,0.030266146951377526,0.1,0.10333333333333333,0.9904358146464972,3,,,,,,,,,1.8
both,0.02,4,2002,2000,0.18666666666666668,0.1495106256510745,1.137721512695768,0.32091346153846156,2.0342733408544857,37.81172168937258,0.9944810189962591,0.3330231751696627,0.05639264080512274,0.13666666666666666,0.16666666666666666,0.9983059114718082,3,,,,,,,,,1.8
both,0.02,4,2002,4000,0.36666666666666664,0.18889925491906914,1.4249509879879605,0.6971153846153846,15.218301209069311,1173.281511242033,0.9962894566888492,0.5735211793715884,0.22966794998133486,0.29333333333333333,0.38666666666666666,0.9991588945147761,3,2.7702133470421595,0.9952597397228641,"{""1"": 2.636323919536572, ""0.5"": 0.6931202722240257, ""0.25"": 0.10698540527321228, ""0.125"": 0.013613299168139092, ""0.0625"": 0.0017036136973140248, ""0.03125"": 0.00021296699519716058}","{""1"": 1.4249509879879605, ""0.5"": 0.7124754939939802, ""0.25"": 0.3562377469969901, ""0.125"": 0.17811887349849506, ""0.0625"": 0.08905943674924753, ""0.03125"": 0.044529718374623765}",1.8808097726747939,0.9263499899564989,"{""1"": 15.218301209069311, ""0.5"": 0.8448970540368393, ""0.25"": 0.2072569684678958, ""0.125"": 0.07139067520844716, ""0.0625"": 0.031152030435527406, ""0.03125"": 0.014848037798548272}","{""1"": 1.4249509879879605, ""0.5"": 0.7124754939939802, ""0.25"": 0.3562377469969901, ""0.125"": 0.17811887349849506, ""0.0625"": 0.08905943674924753, ""0.03125"": 0.044529718374623765}",2.0
both,0.05,4,2001,0,0.0,0.18921692811711893,0.015488909831897324,0.0625,0.890685030430066,15.331825275231658,8.683958267670582e-06,0.2813365475247729,0.03343290863595751,0.05,0.07666666666666666,5.6329601362843866e-06,3,,,,,,,,,5.8
both,0.05,4,2001,500,0.14,0.07813133079026877,0.8172685944579854,0.29086538461538464,0.8021258354295312,8.724287469786109,0.969782229843296,0.1539006804671864,0.026439803070454567,0.09666666666666666,0.13,0.991074577228006,3,,,,,,,,,1.8
both,0.05,4,2001,2000,0.16,0.09302974255615748,1.1034402902036338,0.4579326923076923,3.720989604699858,231.71406936782682,0.9985079308980007,0.28786881710630136,0.05497516618555262,0.15,0.18,0.999240125277615,3,,,,,,,,,1.8
both,0.05,4,2001,4000,0.26,0.2126416991697376,1.4173016857169567,0.7379807692307693,60.08962650672618,8985.605432829014,0.9951949815847893,0.45685190379130397,0.19105476388906562,0.38666666666666666,0.25666666666666665,0.9995549505842375,3,2.8091976578556923,0.9972870565012694,"{""1"": 3.953729469117702, ""0.5"": 0.8536518991240646, ""0.25"": 0.1322871947560327, ""0.125"": 0.01684574598760286, ""0.0625"": 0.002108231244437967, ""0.03125"": 0.0002635485854193758}","{""1"": 1.4173016857169567, ""0.5"": 0.7086508428584783, ""0.25"": 0.3543254214292392, ""0.125"": 0.1771627107146196, ""0.0625"": 0.0885813553573098, ""0.03125"": 0.0442906776786549}",2.3323066971184083,0.8904186298168661,"{""1"": 60.08962650672958, ""0.5"": 0.9240040691578849, ""0.25"": 0.18438573949452636, ""0.125"": 0.05073881265387261, ""0.0625"": 0.020193772361666397, ""0.03125"": 0.009386222448705532}","{""1"": 1.4173016857169567, ""0.5"": 0.7086508428584783, ""0.25"": 0.3543254214292392, ""0.125"": 0.1771627107146196, ""0.0625"": 0.0885813553573098, ""0.03125"": 0.0442906776786549}",2.0
both,0.05,4,2002,0,0.0,0.44717407208258025,0.019926507444186198,0.051682692307692304,4.635450972599588,77.36781741939056,7.802232705171909e-06,0.36709833620086235,0.044783806008338874,0.056666666666666664,0.06333333333333334,2.2392220448551086e-06,3,,,,,,,,,6.0
both,0.05,4,2002,500,0.1,0.0891776128715236,0.7532062101016312,0.24519230769230768,0.6827284033503963,7.311817900743528,0.9749473321745946,0.16657969696607083,0.0289656524828036,0.11666666666666667,0.1,0.9900508545889383,3,,,,,,,,,1.8
both,0.05,4,2002,2000,0.16,0.17577092312673534,1.2426289839966087,0.41466346153846156,3.6571059404298283,187.88061855923127,0.995925697046889,0.2789795898109871,0.05336650476771601,0.14,0.14666666666666667,0.9991582997476852,3,,,,,,,,,1.8
both,0.05,4,2002,4000,0.4066666666666667,0.16852095210847165,1.371311003331371,0.9543269230769231,2.039620063289048,111.86656136866483,0.9983442741497945,0.5505281425319609,0.4271027165314112,0.8233333333333334,0.41,0.9994435876716264,3,2.4687687278638557,0.9692097510278235,"{""1"": 1.3540171926030768, ""0.5"": 0.9351518857737519, ""0.25"": 0.19109377124740004, ""0.125"": 0.02493420280508799, ""0.0625"": 0.003125380434779963, ""0.03125"": 0.0003907399984149289}","{""1"": 1.371311003331371, ""0.5"": 0.6856555016656855, ""0.25"": 0.3428277508328427, ""0.125"": 0.17141387541642136, ""0.0625"": 0.08570693770821068, ""0.03125"": 0.04285346885410534}",1.85602241950697,0.9892367460801079,"{""1"": 2.039620063289048, ""0.5"": 0.9712187098880805, ""0.25"": 0.21350397207376526, ""0.125"": 0.04076296776559132, ""0.0625"": 0.01190249695083807, ""0.03125"": 0.004890527874828024}","{""1"": 1.371311003331371, ""0.5"": 0.6856555016656855, ""0.25"": 0.3428277508328427, ""0.125"": 0.17141387541642136, ""0.0625"": 0.08570693770821068, ""0.03125"": 0.04285346885410534}",2.0
both,0.15,4,2001,0,0.0,0.18921692811711893,0.015488909831897324,0.0625,0.890685030430066,15.331825275231658,8.683958267670582e-06,0.2813365475247729,0.03343290863595751,0.05,0.07666666666666666,5.6329601362843866e-06,3,,,,,,,,,5.9
both,0.15,4,2001,500,0.13666666666666666,0.1145060852215857,0.9480426801162743,0.27884615384615385,1.3847102528653472,24.7799713040564,0.9859354937360367,0.1947158572810237,0.029970955270533638,0.09,0.13666666666666666,0.9916177125903998,3,,,,,,,,,1.7
both,0.15,4,2001,2000,0.16333333333333333,0.1383026313848685,1.1943581605007418,0.5673076923076923,5.6634273248489215,209.28653087794893,0.9937480241958394,0.3287240185613743,0.06287624905193134,0.15,0.16333333333333333,0.999368111444072,3,,,,,,,,,1.8
both,0.15,4,2001,4000,0.3433333333333333,0.14526532551309848,1.3815647213570996,0.96875,2.191223189611007,176.816674776551,0.9992116962851494,0.6066520994869102,0.5186955939554523,0.9,0.33666666666666667,0.9997885236025127,3,2.4458398431138217,0.9657949832929682,"{""1"": 1.2681581877689614, ""0.5"": 0.9494243366342726, ""0.25"": 0.19745033630011008, ""0.125"": 0.025797078341260056, ""0.0625"": 0.0032338034908971007, ""0.03125"": 0.0004042972991333841}","{""1"": 1.3815647213570996, ""0.5"": 0.6907823606785498, ""0.25"": 0.3453911803392749, ""0.125"": 0.17269559016963745, ""0.0625"": 0.08634779508481873, ""0.03125"": 0.04317389754240936}",1.9831081952349594,0.9903245330673326,"{""1"": 2.191223189611007, ""0.5"": 0.9677889472817874, ""0.25"": 0.2098000639287738, ""0.125"": 0.035683819510069825, ""0.0625"": 0.009019932386692181, ""0.03125"": 0.0034203814105632875}","{""1"": 1.3815647213570996, ""0.5"": 0.6907823606785498, ""0.25"": 0.3453911803392749, ""0.125"": 0.17269559016963745, ""0.0625"": 0.08634779508481873, ""0.03125"": 0.04317389754240936}",2.0
both,0.15,4,2002,0,0.0,0.44717407208258025,0.019926507444186198,0.051682692307692304,4.635450972599588,77.36781741939056,7.802232705171909e-06,0.36709833620086235,0.044783806008338874,0.056666666666666664,0.06333333333333334,2.2392220448551086e-06,3,,,,,,,,,6.0
both,0.15,4,2002,500,0.09666666666666666,0.10109802918929149,0.8583785360025187,0.23557692307692307,0.8877677777914257,9.25096437263034,0.9839065711118355,0.17145443046770245,0.027536973353980716,0.10333333333333333,0.09,0.9898152270912575,3,,,,,,,,,1.8
both,0.15,4,2002,2000,0.16,0.1167679692130981,1.156571739378873,0.5841346153846154,5.466845192771041,97.54698822426286,0.9973862996895768,0.3294592800202934,0.07705661729028337,0.2,0.16333333333333333,0.9992312550933317,3,,,,,,,,,1.8
both,0.15,4,2002,4000,0.29333333333333333,0.14752770804041423,1.3410565640818521,0.9014423076923077,1.6917665146658811,45.50656105845022,0.9979799617323952,0.5089190866155137,0.33044881419977823,0.6666666666666666,0.29333333333333333,0.9997997983494665,3,2.534714021943833,0.9755772625213887,"{""1"": 1.4590999139675331, ""0.5"": 0.8873413052311389, ""0.25"": 0.16280716213034607, ""0.125"": 0.021017428644747385, ""0.0625"": 0.0026326062708907317, ""0.03125"": 0.0003291183003436554}","{""1"": 1.3410565640818521, ""0.5"": 0.6705282820409261, ""0.25"": 0.33526414102046304, ""0.125"": 0.16763207051023152, ""0.0625"": 0.08381603525511576, ""0.03125"": 0.04190801762755788}",1.7295319283348813,0.9864364772678328,"{""1"": 1.6917665146658811, ""0.5"": 0.9187789790928984, ""0.25"": 0.1924645677935943, ""0.125"": 0.04234692659950088, ""0.0625"": 0.014365563056172289, ""0.03125"": 0.006293501202557598}","{""1"": 1.3410565640818521, ""0.5"": 0.6705282820409261, ""0.25"": 0.33526414102046304, ""0.125"": 0.16763207051023152, ""0.0625"": 0.08381603525511576, ""0.03125"": 0.04190801762755788}",2.0
both,0.5,4,2001,0,0.0,0.18921692811711893,0.015488909831897324,0.0625,0.890685030430066,15.331825275231658,8.683958267670582e-06,0.2813365475247729,0.03343290863595751,0.05,0.07666666666666666,5.6329601362843866e-06,3,,,,,,,,,5.9
both,0.5,4,2001,500,0.12,0.11914269114588442,0.9340377151916655,0.28725961538461536,1.5661024222089546,24.307529708099782,0.9911496744506043,0.19111071865839555,0.026590928246222754,0.11333333333333333,0.12666666666666668,0.9878813349281899,3,,,,,,,,,5.3
both,0.5,4,2001,2000,0.2833333333333333,0.1675280082082831,1.4437548695508589,0.8713942307692307,2.08757070969952,34.00681361518462,0.995640874345932,0.7004646879154877,0.4266008149864441,0.62,0.13333333333333333,0.9990345117698882,3,,,,,,,,,5.4
both,0.5,4,2001,4000,0.24666666666666667,0.115263719823848,1.3640256202495784,0.9927884615384616,1.1819397236663578,61.9000258652603,0.9998208953974697,0.867856867038343,0.838921081958307,0.98,0.14,0.9997847358894535,3,2.3735789583305604,0.9544145151089837,"{""1"": 1.0312331433589415, ""0.5"": 0.96706808384671, ""0.25"": 0.2157773593600203, ""0.125"": 0.028381815643830126, ""0.0625"": 0.0035593643970606285, ""0.03125"": 0.00044501178957517096}","{""1"": 1.3640256202495784, ""0.5"": 0.6820128101247892, ""0.25"": 0.3410064050623946, ""0.125"": 0.1705032025311973, ""0.0625"": 0.08525160126559865, ""0.03125"": 0.042625800632799325}",2.119516435509428,0.9694409569206105,"{""1"": 1.1819397236663578, ""0.5"": 0.9698251534060564, ""0.25"": 0.21778573737419568, ""0.125"": 0.03065479092311592, ""0.0625"": 0.00519956049779729, ""0.03125"": 0.0013774361146181374}","{""1"": 1.3640256202495784, ""0.5"": 0.6820128101247892, ""0.25"": 0.3410064050623946, ""0.125"": 0.1705032025311973, ""0.0625"": 0.08525160126559865, ""0.03125"": 0.042625800632799325}",4.1
both,0.5,4,2002,0,0.0,0.44717407208258025,0.019926507444186198,0.051682692307692304,4.635450972599588,77.36781741939056,7.802232705171909e-06,0.36709833620086235,0.044783806008338874,0.056666666666666664,0.06333333333333334,2.2392220448551086e-06,3,,,,,,,,,6.0
both,0.5,4,2002,500,0.11666666666666667,0.13790422888641504,0.9511874132271324,0.27163461538461536,1.7712094190612795,33.03536135579003,0.9913586956012487,0.24718536999580196,0.03717963650401181,0.12666666666666668,0.12,0.9920371046306025,3,,,,,,,,,5.1
both,0.5,4,2002,2000,0.27,0.16366246992861014,1.3584890158103204,0.7019230769230769,6.0666893743540475,1065.2318369321652,0.9982415609329188,0.5637409950514417,0.21277742810181707,0.37666666666666665,0.15333333333333332,0.9993152680922464,3,,,,,,,,,5.1
both,0.5,4,2002,4000,0.7633333333333333,0.062367425703802166,1.20943220843219,0.9975961538461539,0.9609470745083509,7.096062199405346,0.9994611065819051,0.8122188312366408,0.8030263851183376,0.99,0.24,0.9996789141953766,3,2.3539322400488745,0.9506309617292805,"{""1"": 0.9586763528895462, ""0.5"": 0.9653225441220987, ""0.25"": 0.21836038646650097, ""0.125"": 0.02875541730973123, ""0.0625"": 0.0036064907354682657, ""0.03125"": 0.00045090592658258267}","{""1"": 1.20943220843219, ""0.5"": 0.604716104216095, ""0.25"": 0.3023580521080475, ""0.125"": 0.15117902605402375, ""0.0625"": 0.07558951302701188, ""0.03125"": 0.03779475651350594}",2.16617201828463,0.9579218568213427,"{""1"": 0.9609470745083509, ""0.5"": 0.9660452817646763, ""0.25"": 0.21916935259442813, ""0.125"": 0.02988296293108449, ""0.0625"": 0.004478644917663051, ""0.03125"": 0.0009806226973730593}","{""1"": 1.20943220843219, ""0.5"": 0.604716104216095, ""0.25"": 0.3023580521080475, ""0.125"": 0.15117902605402375, ""0.0625"": 0.07558951302701188, ""0.03125"": 0.03779475651350594}",5.8
both,1.0,4,2001,0,0.0,0.18921692811711893,0.015488909831897324,0.0625,0.890685030430066,15.331825275231658,8.683958267670582e-06,0.2813365475247729,0.03343290863595751,0.05,0.07666666666666666,5.6329601362843866e-06,3,,,,,,,,,5.8
both,1.0,4,2001,500,0.12,0.1151028025807934,1.0069681345374,0.5853365384615384,2.841041319145524,29.611141958120502,0.993269285335249,0.8081476882830804,0.14069778861056018,0.15333333333333332,0.07666666666666666,0.0014124627314389398,3,,,,,,,,,5.3
both,1.0,4,2001,2000,0.6466666666666666,0.16028727127751718,1.3628519371194945,0.9314903846153846,1.5173178752761962,23.677797401413287,0.9975739378829694,0.8991526936264647,0.6272341613786505,0.8133333333333334,0.06,3.71339584148923e-06,3,,,,,,,,,5.2
both,1.0,4,2001,4000,0.9766666666666667,0.02176585672464483,1.0346314618835701,1.0,0.9385461901107586,1.474116191535166,0.9998874186583909,0.9097544788003891,0.9071245626374791,1.0,0.07666666666666666,1.5508654595688987e-07,3,2.345641432905361,0.949221509328206,"{""1"": 0.9389692838146929, ""0.5"": 0.9669605248304805, ""0.25"": 0.22090722767000906, ""0.125"": 0.02912009065517, ""0.0625"": 0.0036524673776586938, ""0.03125"": 0.000456656089111428}","{""1"": 1.0346314618835701, ""0.5"": 0.5173157309417851, ""0.25"": 0.25865786547089253, ""0.125"": 0.12932893273544627, ""0.0625"": 0.06466446636772313, ""0.03125"": 0.03233223318386157}",2.316725755576887,0.9507127231979281,"{""1"": 0.9385461901107586, ""0.5"": 0.966979359127053, ""0.25"": 0.2209428573598251, ""0.125"": 0.029194858962511675, ""0.0625"": 0.003733008280052413, ""0.03125"": 0.0005181287716669574}","{""1"": 1.0346314618835701, ""0.5"": 0.5173157309417851, ""0.25"": 0.25865786547089253, ""0.125"": 0.12932893273544627, ""0.0625"": 0.06466446636772313, ""0.03125"": 0.03233223318386157}",5.4
both,1.0,4,2002,0,0.0,0.44717407208258025,0.019926507444186198,0.051682692307692304,4.635450972599588,77.36781741939056,7.802232705171909e-06,0.36709833620086235,0.044783806008338874,0.056666666666666664,0.06333333333333334,2.2392220448551086e-06,3,,,,,,,,,6.0
both,1.0,4,2002,500,0.1,0.15681688036741592,1.0746969087364333,0.35216346153846156,2.542154275799391,61.01665775354272,0.9925826076844336,0.8306149449200566,0.11748870304677249,0.16333333333333333,0.05,0.0006450646984223605,3,,,,,,,,,5.2
both,1.0,4,2002,2000,0.42333333333333334,0.13732154611409073,1.337353717915689,0.8473557692307693,9.982603921264442,1511.942970866677,0.9989313317119611,0.8892403819018978,0.5094093338894146,0.6166666666666667,0.08333333333333333,7.692336997933109e-05,3,,,,,,,,,5.2
both,1.0,4,2002,4000,0.9666666666666667,0.08623447959916167,1.353467604399574,0.9939903846153846,1.015116526231901,27.626245065534924,0.9997871415472374,0.91781021274414,0.8800011778717808,0.97,0.07333333333333333,5.038901521996884e-05,3,2.3632192143279513,0.9523025329157607,"{""1"": 0.9857576976413782, ""0.5"": 0.9641657495700122, ""0.25"": 0.21613235065959516, ""0.125"": 0.028439424452136233, ""0.0625"": 0.0035666775826212523, ""0.03125"": 0.0004459268180111095}","{""1"": 1.353467604399574, ""0.5"": 0.676733802199787, ""0.25"": 0.3383669010998935, ""0.125"": 0.16918345054994674, ""0.0625"": 0.08459172527497337, ""0.03125"": 0.042295862637486685}",2.028988839739948,0.9636539019170055,"{""1"": 1.015116526231901, ""0.5"": 0.9668859760321501, ""0.25"": 0.2195291408221013, ""0.125"": 0.03196839201321649, ""0.0625"": 0.005856343621224213, ""0.03125"": 0.001694391991083027}","{""1"": 1.353467604399574, ""0.5"": 0.676733802199787, ""0.25"": 0.3383669010998935, ""0.125"": 0.16918345054994674, ""0.0625"": 0.08459172527497337, ""0.03125"": 0.042295862637486685}",5.3
