task,condition,rho,seed,step,transition_index,free_step_accuracy,first_error_rate,teacher_full_step_accuracy,teacher_state_accuracy,teacher_state_token_accuracy,teacher_state_nll
state_machine_16,outcome,,2001,1000,1,,,0.0,0.0,0.33203125,5.77228344604373
state_machine_16,outcome,,2001,1000,2,,,0.0,0.0,0.05078125,2.778488895855844
state_machine_16,outcome,,2001,1000,3,,,0.0,0.0,0.017578125,2.99239987693727
state_machine_16,outcome,,2001,1000,4,,,0.0,0.0,0.06640625,3.842028273269534
state_machine_16,outcome,,2001,1000,5,,,0.0,0.0,0.0,2.7510705636814237
state_machine_16,outcome,,2001,1000,6,,,0.0,0.0,0.0,2.7596346009522676
state_machine_16,outcome,,2001,1000,7,,,0.0,0.0,0.037109375,3.024176183156669
state_machine_16,outcome,,2001,1000,8,,,0.0,0.0,0.0234375,3.226521013304591
state_machine_16,outcome,,2001,1000,9,,,0.0,0.0,0.009765625,3.564575335010886
state_machine_16,outcome,,2001,1000,10,,,0.0,0.0,0.0,2.4073734576813877
state_machine_16,outcome,,2001,1000,11,,,0.0,0.0390625,0.23828125,1.981909220572561
state_machine_16,outcome,,2001,1000,12,,,0.0,0.0,0.060546875,3.0155849335715175
state_machine_16,outcome,,2001,1000,13,,,0.0,0.0,0.009765625,3.259896280243993
state_machine_16,outcome,,2001,1000,14,,,0.0,0.0,0.033203125,3.592297624796629
state_machine_16,outcome,,2001,1000,15,,,0.0,0.0,0.0,3.1168600972741842
state_machine_16,outcome,,2001,1000,16,,,0.0,0.01171875,0.138671875,2.108074094634503
state_machine_16,outcome,,2001,2000,1,,,0.0,0.0,0.33203125,6.367624258622527
state_machine_16,outcome,,2001,2000,2,,,0.0,0.0,0.05078125,2.4817569572478533
state_machine_16,outcome,,2001,2000,3,,,0.0,0.0,0.03125,2.8416637117043138
state_machine_16,outcome,,2001,2000,4,,,0.0,0.0,0.06640625,3.6744121247902513
state_machine_16,outcome,,2001,2000,5,,,0.0,0.0,0.0390625,2.371288464870304
state_machine_16,outcome,,2001,2000,6,,,0.0,0.0,0.033203125,2.630960321985185
state_machine_16,outcome,,2001,2000,7,,,0.0,0.0,0.037109375,2.729073354974389
state_machine_16,outcome,,2001,2000,8,,,0.0,0.0,0.021484375,3.3287288565188646
state_machine_16,outcome,,2001,2000,9,,,0.0,0.0,0.0234375,3.925212934613228
state_machine_16,outcome,,2001,2000,10,,,0.0,0.03125,0.240234375,2.2491439199075103
state_machine_16,outcome,,2001,2000,11,,,0.0,0.0390625,0.23828125,1.903882258106023
state_machine_16,outcome,,2001,2000,12,,,0.0,0.0,0.076171875,2.8780600568279624
state_machine_16,outcome,,2001,2000,13,,,0.0,0.0,0.0390625,3.301689767278731
state_machine_16,outcome,,2001,2000,14,,,0.0,0.0,0.033203125,4.081689924001694
state_machine_16,outcome,,2001,2000,15,,,0.0,0.0,0.033203125,3.047840810380876
state_machine_16,outcome,,2001,2000,16,,,0.0,0.07421875,0.3828125,1.908754900097847
state_machine_16,outcome,,2001,4000,1,,,0.0,0.0,0.306640625,7.006264975294471
state_machine_16,outcome,,2001,4000,2,,,0.0,0.015625,0.15234375,1.9880628446117043
state_machine_16,outcome,,2001,4000,3,,,0.0,0.0,0.03125,2.2448610342107713
state_machine_16,outcome,,2001,4000,4,,,0.0,0.0,0.07421875,2.882815412245691
state_machine_16,outcome,,2001,4000,5,,,0.0,0.06640625,0.33984375,1.81622492428869
state_machine_16,outcome,,2001,4000,6,,,0.0,0.0,0.04296875,2.3650267678312957
state_machine_16,outcome,,2001,4000,7,,,0.0,0.0,0.06640625,1.8968133316375315
state_machine_16,outcome,,2001,4000,8,,,0.0,0.0,0.0234375,2.98818884184584
state_machine_16,outcome,,2001,4000,9,,,0.0,0.0,0.02734375,4.27834384329617
state_machine_16,outcome,,2001,4000,10,,,0.0,0.07421875,0.359375,1.9125731508247554
state_machine_16,outcome,,2001,4000,11,,,0.0,0.015625,0.158203125,1.9076384515501559
state_machine_16,outcome,,2001,4000,12,,,0.0,0.0,0.046875,2.5474890265613794
state_machine_16,outcome,,2001,4000,13,,,0.0,0.0,0.0390625,3.3784487014636397
state_machine_16,outcome,,2001,4000,14,,,0.0,0.0,0.033203125,4.5239542834460735
state_machine_16,outcome,,2001,4000,15,,,0.0,0.0,0.033203125,2.4270393229089677
state_machine_16,outcome,,2001,4000,16,,,0.0,0.07421875,0.390625,1.787322344724089
state_machine_16,outcome,,2001,6000,1,,,0.0,0.0,0.181640625,7.557729285210371
state_machine_16,outcome,,2001,6000,2,,,0.0,0.046875,0.33203125,1.7991523798555136
state_machine_16,outcome,,2001,6000,3,,,0.0,0.0546875,0.34765625,1.8386698137037456
state_machine_16,outcome,,2001,6000,4,,,0.0,0.0078125,0.08203125,2.0100384820252657
state_machine_16,outcome,,2001,6000,5,,,0.0,0.04296875,0.33984375,1.6578681492246687
state_machine_16,outcome,,2001,6000,6,,,0.0,0.00390625,0.07421875,2.153693661559373
state_machine_16,outcome,,2001,6000,7,,,0.0,0.0703125,0.388671875,1.564201280940324
state_machine_16,outcome,,2001,6000,8,,,0.0,0.00390625,0.044921875,2.6802622145041823
state_machine_16,outcome,,2001,6000,9,,,0.0,0.0,0.037109375,4.393096961081028
state_machine_16,outcome,,2001,6000,10,,,0.0,0.08203125,0.36328125,1.7260049860924482
state_machine_16,outcome,,2001,6000,11,,,0.0,0.01171875,0.154296875,1.9377251397818327
state_machine_16,outcome,,2001,6000,12,,,0.0,0.00390625,0.08203125,2.1710666436702013
state_machine_16,outcome,,2001,6000,13,,,0.0,0.0,0.041015625,4.070324765518308
state_machine_16,outcome,,2001,6000,14,,,0.0,0.0,0.0390625,4.767791366204619
state_machine_16,outcome,,2001,6000,15,,,0.0,0.015625,0.064453125,2.1353671569377184
state_machine_16,outcome,,2001,6000,16,,,0.0,0.07421875,0.388671875,1.8244561566971242
state_machine_16,outcome,,2001,8000,1,,,0.0,0.0,0.3125,8.251742243766785
state_machine_16,outcome,,2001,8000,2,,,0.0,0.03515625,0.3046875,1.8535752133466303
state_machine_16,outcome,,2001,8000,3,,,0.0,0.046875,0.34375,1.6578140477649868
state_machine_16,outcome,,2001,8000,4,,,0.0,0.03515625,0.20703125,2.051234696060419
state_machine_16,outcome,,2001,8000,5,,,0.0,0.0703125,0.369140625,1.6023758752271533
state_machine_16,outcome,,2001,8000,6,,,0.0,0.0,0.0703125,3.123125213198364
state_machine_16,outcome,,2001,8000,7,,,0.0,0.06640625,0.3515625,1.6152164256200194
state_machine_16,outcome,,2001,8000,8,,,0.0,0.0,0.052734375,3.371324384585023
state_machine_16,outcome,,2001,8000,9,,,0.0,0.0,0.033203125,5.452354338020086
state_machine_16,outcome,,2001,8000,10,,,0.0,0.0625,0.369140625,1.5458341469056904
state_machine_16,outcome,,2001,8000,11,,,0.0,0.01171875,0.16015625,1.9525441047735512
state_machine_16,outcome,,2001,8000,12,,,0.0,0.0,0.06640625,2.91072346130386
state_machine_16,outcome,,2001,8000,13,,,0.0,0.0,0.05078125,5.532029510475695
state_machine_16,outcome,,2001,8000,14,,,0.0,0.0,0.044921875,5.58529626019299
state_machine_16,outcome,,2001,8000,15,,,0.0,0.0234375,0.228515625,1.847534426022321
state_machine_16,outcome,,2001,8000,16,,,0.0,0.05859375,0.380859375,1.8239895598962903
state_machine_16,rho=0.0000,0.0,2001,1000,1,0.0715,0.9285,0.1015625,0.1015625,0.40625,1.389676165767014
state_machine_16,rho=0.0000,0.0,2001,1000,2,0.004,0.0675,0.0546875,0.0546875,0.34375,1.3911985158920288
state_machine_16,rho=0.0000,0.0,2001,1000,3,0.0015,0.004,0.0625,0.0625,0.392578125,1.388049636501819
state_machine_16,rho=0.0000,0.0,2001,1000,4,0.0,0.0,0.04296875,0.04296875,0.345703125,1.393886359874159
state_machine_16,rho=0.0000,0.0,2001,1000,5,0.003,0.0,0.06640625,0.06640625,0.365234375,1.3912864895537496
state_machine_16,rho=0.0000,0.0,2001,1000,6,0.0025,0.0,0.0546875,0.0546875,0.37109375,1.389007056131959
state_machine_16,rho=0.0000,0.0,2001,1000,7,0.0005,0.0,0.08203125,0.08203125,0.38671875,1.3925232109613717
state_machine_16,rho=0.0000,0.0,2001,1000,8,0.0005,0.0,0.0625,0.0625,0.369140625,1.3928134124726057
state_machine_16,rho=0.0000,0.0,2001,1000,9,0.001,0.0,0.07421875,0.07421875,0.390625,1.392141755670309
state_machine_16,rho=0.0000,0.0,2001,1000,10,0.002,0.0,0.078125,0.078125,0.390625,1.3854056475684047
state_machine_16,rho=0.0000,0.0,2001,1000,11,0.0015,0.0,0.0859375,0.0859375,0.392578125,1.3857661788351834
state_machine_16,rho=0.0000,0.0,2001,1000,12,0.0015,0.0,0.04296875,0.04296875,0.357421875,1.3928076969459653
state_machine_16,rho=0.0000,0.0,2001,1000,13,0.0005,0.0,0.078125,0.078125,0.388671875,1.385774695314467
state_machine_16,rho=0.0000,0.0,2001,1000,14,0.002,0.0,0.08984375,0.08984375,0.40625,1.3871084302663803
state_machine_16,rho=0.0000,0.0,2001,1000,15,0.002,0.0,0.06640625,0.06640625,0.375,1.388104491867125
state_machine_16,rho=0.0000,0.0,2001,1000,16,0.0005,0.0,0.08203125,0.08203125,0.3984375,1.3856044504791498
state_machine_16,rho=0.0000,0.0,2001,2000,1,0.0675,0.9325,0.05078125,0.05078125,0.384765625,1.3891840064898133
state_machine_16,rho=0.0000,0.0,2001,2000,2,0.0005,0.067,0.08203125,0.08203125,0.36328125,1.3891714690253139
state_machine_16,rho=0.0000,0.0,2001,2000,3,0.0,0.0005,0.05078125,0.05078125,0.37109375,1.3923861142247915
state_machine_16,rho=0.0000,0.0,2001,2000,4,0.0,0.0,0.0546875,0.0546875,0.34375,1.3911825269460678
state_machine_16,rho=0.0000,0.0,2001,2000,5,0.0,0.0,0.046875,0.046875,0.373046875,1.3873792286030948
state_machine_16,rho=0.0000,0.0,2001,2000,6,0.0,0.0,0.05078125,0.05078125,0.373046875,1.3873979062773287
state_machine_16,rho=0.0000,0.0,2001,2000,7,0.0,0.0,0.05078125,0.05078125,0.3828125,1.388292895630002
state_machine_16,rho=0.0000,0.0,2001,2000,8,0.0,0.0,0.07421875,0.07421875,0.369140625,1.3894501463510096
state_machine_16,rho=0.0000,0.0,2001,2000,9,0.0,0.0,0.03125,0.03125,0.390625,1.3884844947606325
state_machine_16,rho=0.0000,0.0,2001,2000,10,0.0,0.0,0.0546875,0.0546875,0.388671875,1.3898769193328917
state_machine_16,rho=0.0000,0.0,2001,2000,11,0.0,0.0,0.07421875,0.07421875,0.390625,1.3878981997258961
state_machine_16,rho=0.0000,0.0,2001,2000,12,0.0,0.0,0.0390625,0.0390625,0.3515625,1.3933741273358464
state_machine_16,rho=0.0000,0.0,2001,2000,13,0.0,0.0,0.0625,0.0625,0.380859375,1.3912484208121896
state_machine_16,rho=0.0000,0.0,2001,2000,14,0.0,0.0,0.06640625,0.06640625,0.37890625,1.3867267188616097
state_machine_16,rho=0.0000,0.0,2001,2000,15,0.001,0.0,0.07421875,0.07421875,0.380859375,1.3874152516946197
state_machine_16,rho=0.0000,0.0,2001,2000,16,0.0,0.0,0.08203125,0.08203125,0.404296875,1.3853632020764053
state_machine_16,rho=0.0000,0.0,2001,4000,1,0.069,0.931,0.1171875,0.1171875,0.4140625,1.3881076406687498
state_machine_16,rho=0.0000,0.0,2001,4000,2,0.0,0.069,0.05859375,0.05859375,0.349609375,1.3876349357888103
state_machine_16,rho=0.0000,0.0,2001,4000,3,0.0,0.0,0.08203125,0.08203125,0.388671875,1.3880904410034418
state_machine_16,rho=0.0000,0.0,2001,4000,4,0.0,0.0,0.04296875,0.04296875,0.333984375,1.3853206345811486
state_machine_16,rho=0.0000,0.0,2001,4000,5,0.0,0.0,0.0546875,0.0546875,0.376953125,1.3858496001921594
state_machine_16,rho=0.0000,0.0,2001,4000,6,0.0,0.0,0.05078125,0.05078125,0.373046875,1.3885939186438918
state_machine_16,rho=0.0000,0.0,2001,4000,7,0.0,0.0,0.06640625,0.06640625,0.384765625,1.3889181301929057
state_machine_16,rho=0.0000,0.0,2001,4000,8,0.0,0.0,0.0625,0.0625,0.3671875,1.38855682592839
state_machine_16,rho=0.0000,0.0,2001,4000,9,0.0,0.0,0.0859375,0.0859375,0.41015625,1.3873723344877362
state_machine_16,rho=0.0000,0.0,2001,4000,10,0.0,0.0,0.08984375,0.08984375,0.40625,1.3855464407242835
state_machine_16,rho=0.0000,0.0,2001,4000,11,0.0,0.0,0.04296875,0.04296875,0.37890625,1.3860324211418629
state_machine_16,rho=0.0000,0.0,2001,4000,12,0.0,0.0,0.05078125,0.05078125,0.3515625,1.3854432790540159
state_machine_16,rho=0.0000,0.0,2001,4000,13,0.0,0.0,0.08984375,0.08984375,0.384765625,1.385973677970469
state_machine_16,rho=0.0000,0.0,2001,4000,14,0.0,0.0,0.03125,0.03125,0.37109375,1.3902146420441568
state_machine_16,rho=0.0000,0.0,2001,4000,15,0.0,0.0,0.0859375,0.0859375,0.38671875,1.3860178994946182
state_machine_16,rho=0.0000,0.0,2001,4000,16,0.0,0.0,0.08203125,0.08203125,0.416015625,1.385846124496311
state_machine_16,rho=0.0000,0.0,2001,6000,1,0.0605,0.9395,0.06640625,0.06640625,0.38671875,1.3878487441688776
state_machine_16,rho=0.0000,0.0,2001,6000,2,0.0025,0.058,0.05859375,0.05859375,0.349609375,1.3888784148730338
state_machine_16,rho=0.0000,0.0,2001,6000,3,0.002,0.002,0.05859375,0.05859375,0.375,1.388804349116981
state_machine_16,rho=0.0000,0.0,2001,6000,4,0.0,0.0005,0.06640625,0.06640625,0.359375,1.3837752444669604
state_machine_16,rho=0.0000,0.0,2001,6000,5,0.0,0.0,0.078125,0.078125,0.388671875,1.3829831746406853
state_machine_16,rho=0.0000,0.0,2001,6000,6,0.0005,0.0,0.09375,0.09375,0.39453125,1.3862830684520304
state_machine_16,rho=0.0000,0.0,2001,6000,7,0.001,0.0,0.06640625,0.06640625,0.3828125,1.387120371684432
state_machine_16,rho=0.0000,0.0,2001,6000,8,0.001,0.0,0.046875,0.046875,0.34765625,1.3899148060008883
state_machine_16,rho=0.0000,0.0,2001,6000,9,0.001,0.0,0.08984375,0.08984375,0.4140625,1.3844056809321046
state_machine_16,rho=0.0000,0.0,2001,6000,10,0.001,0.0,0.05859375,0.05859375,0.390625,1.3841549647040665
state_machine_16,rho=0.0000,0.0,2001,6000,11,0.0,0.0,0.078125,0.078125,0.3984375,1.386887895874679
state_machine_16,rho=0.0000,0.0,2001,6000,12,0.0005,0.0,0.06640625,0.06640625,0.359375,1.3862546468153596
state_machine_16,rho=0.0000,0.0,2001,6000,13,0.0025,0.0,0.0546875,0.0546875,0.37890625,1.3886425402015448
state_machine_16,rho=0.0000,0.0,2001,6000,14,0.0025,0.0,0.0859375,0.0859375,0.39453125,1.385783089324832
state_machine_16,rho=0.0000,0.0,2001,6000,15,0.001,0.0,0.07421875,0.07421875,0.384765625,1.3856347822584212
state_machine_16,rho=0.0000,0.0,2001,6000,16,0.0005,0.0,0.0703125,0.0703125,0.388671875,1.3902089898474514
state_machine_16,rho=0.0000,0.0,2001,8000,1,0.06,0.94,0.0703125,0.0703125,0.38671875,1.3865565969608724
state_machine_16,rho=0.0000,0.0,2001,8000,2,0.0035,0.0565,0.0859375,0.0859375,0.36328125,1.3888590377755463
state_machine_16,rho=0.0000,0.0,2001,8000,3,0.001,0.0035,0.09375,0.09375,0.404296875,1.3847332163713872
state_machine_16,rho=0.0000,0.0,2001,8000,4,0.002,0.0,0.05078125,0.05078125,0.333984375,1.3855680436827242
state_machine_16,rho=0.0000,0.0,2001,8000,5,0.001,0.0,0.07421875,0.07421875,0.376953125,1.3831200627610087
state_machine_16,rho=0.0000,0.0,2001,8000,6,0.0,0.0,0.04296875,0.04296875,0.369140625,1.38589152880013
state_machine_16,rho=0.0000,0.0,2001,8000,7,0.0015,0.0,0.0625,0.0625,0.384765625,1.3855747976340353
state_machine_16,rho=0.0000,0.0,2001,8000,8,0.004,0.0,0.046875,0.046875,0.359375,1.3891622312366962
state_machine_16,rho=0.0000,0.0,2001,8000,9,0.0015,0.0,0.0703125,0.0703125,0.408203125,1.383195576723665
state_machine_16,rho=0.0000,0.0,2001,8000,10,0.0005,0.0,0.0390625,0.0390625,0.369140625,1.387050741352141
state_machine_16,rho=0.0000,0.0,2001,8000,11,0.0015,0.0,0.0859375,0.0859375,0.40234375,1.3883024491369724
state_machine_16,rho=0.0000,0.0,2001,8000,12,0.0025,0.0,0.05078125,0.05078125,0.341796875,1.386782264802605
state_machine_16,rho=0.0000,0.0,2001,8000,13,0.0025,0.0,0.06640625,0.06640625,0.37109375,1.3896983009763062
state_machine_16,rho=0.0000,0.0,2001,8000,14,0.0005,0.0,0.0234375,0.0234375,0.369140625,1.387535518500954
state_machine_16,rho=0.0000,0.0,2001,8000,15,0.002,0.0,0.07421875,0.07421875,0.37109375,1.3873659363016486
state_machine_16,rho=0.0000,0.0,2001,8000,16,0.001,0.0,0.046875,0.046875,0.375,1.3881962192244828
state_machine_16,rho=0.5000,0.5,2001,1000,1,0.0605,0.9395,0.046875,0.046875,0.384765625,1.394732657354325
state_machine_16,rho=0.5000,0.5,2001,1000,2,0.0,0.0605,0.07421875,0.07421875,0.37109375,1.3857141765765846
state_machine_16,rho=0.5000,0.5,2001,1000,3,0.0045,0.0,0.05859375,0.05859375,0.392578125,1.3953772340901196
state_machine_16,rho=0.5000,0.5,2001,1000,4,0.005,0.0,0.05078125,0.05078125,0.328125,1.3871127958409488
state_machine_16,rho=0.5000,0.5,2001,1000,5,0.0005,0.0,0.0703125,0.0703125,0.3671875,1.3925674008205533
state_machine_16,rho=0.5000,0.5,2001,1000,6,0.0005,0.0,0.078125,0.078125,0.392578125,1.3913537538610399
state_machine_16,rho=0.5000,0.5,2001,1000,7,0.003,0.0,0.078125,0.078125,0.380859375,1.393600764684379
state_machine_16,rho=0.5000,0.5,2001,1000,8,0.0,0.0,0.0390625,0.0390625,0.353515625,1.3891795231029391
state_machine_16,rho=0.5000,0.5,2001,1000,9,0.0,0.0,0.06640625,0.06640625,0.3828125,1.4013042622245848
state_machine_16,rho=0.5000,0.5,2001,1000,10,0.0,0.0,0.046875,0.046875,0.384765625,1.3888903083279729
state_machine_16,rho=0.5000,0.5,2001,1000,11,0.0005,0.0,0.05859375,0.05859375,0.390625,1.3936154060065746
state_machine_16,rho=0.5000,0.5,2001,1000,12,0.0,0.0,0.05078125,0.05078125,0.359375,1.3887111064977944
state_machine_16,rho=0.5000,0.5,2001,1000,13,0.0,0.0,0.07421875,0.07421875,0.384765625,1.388781076297164
state_machine_16,rho=0.5000,0.5,2001,1000,14,0.002,0.0,0.0703125,0.0703125,0.38671875,1.3898500171490014
state_machine_16,rho=0.5000,0.5,2001,1000,15,0.002,0.0,0.05859375,0.05859375,0.361328125,1.3894898816943169
state_machine_16,rho=0.5000,0.5,2001,1000,16,0.0005,0.0,0.0625,0.0625,0.380859375,1.3907184768468142
state_machine_16,rho=0.5000,0.5,2001,2000,1,0.0705,0.9295,0.05078125,0.05078125,0.380859375,1.3858994035981596
state_machine_16,rho=0.5000,0.5,2001,2000,2,0.001,0.0695,0.078125,0.078125,0.35546875,1.3852981347590685
state_machine_16,rho=0.5000,0.5,2001,2000,3,0.0005,0.001,0.046875,0.046875,0.369140625,1.3918817532248795
state_machine_16,rho=0.5000,0.5,2001,2000,4,0.0005,0.0,0.0546875,0.0546875,0.34765625,1.3879966530948877
state_machine_16,rho=0.5000,0.5,2001,2000,5,0.003,0.0,0.06640625,0.06640625,0.361328125,1.3904781672172248
state_machine_16,rho=0.5000,0.5,2001,2000,6,0.002,0.0,0.06640625,0.06640625,0.38671875,1.387579794973135
state_machine_16,rho=0.5000,0.5,2001,2000,7,0.002,0.0,0.046875,0.046875,0.369140625,1.386712736915797
state_machine_16,rho=0.5000,0.5,2001,2000,8,0.0035,0.0,0.05859375,0.05859375,0.369140625,1.3862574771046638
state_machine_16,rho=0.5000,0.5,2001,2000,9,0.002,0.0,0.03515625,0.03515625,0.380859375,1.392213465180248
state_machine_16,rho=0.5000,0.5,2001,2000,10,0.002,0.0,0.0546875,0.0546875,0.388671875,1.3862151456996799
state_machine_16,rho=0.5000,0.5,2001,2000,11,0.0015,0.0,0.08203125,0.08203125,0.392578125,1.3866730513982475
state_machine_16,rho=0.5000,0.5,2001,2000,12,0.0035,0.0,0.0546875,0.0546875,0.361328125,1.3861734713427722
state_machine_16,rho=0.5000,0.5,2001,2000,13,0.0,0.0,0.0546875,0.0546875,0.376953125,1.3882919689640403
state_machine_16,rho=0.5000,0.5,2001,2000,14,0.0005,0.0,0.05078125,0.05078125,0.380859375,1.3879851205274463
state_machine_16,rho=0.5000,0.5,2001,2000,15,0.0005,0.0,0.0625,0.0625,0.3671875,1.3863134877756238
state_machine_16,rho=0.5000,0.5,2001,2000,16,0.0,0.0,0.0859375,0.0859375,0.392578125,1.385336582083255
state_machine_16,rho=0.5000,0.5,2001,4000,1,0.0715,0.9285,0.06640625,0.06640625,0.3828125,1.3887976948171854
state_machine_16,rho=0.5000,0.5,2001,4000,2,0.006,0.0655,0.05859375,0.05859375,0.34765625,1.3865522011183202
state_machine_16,rho=0.5000,0.5,2001,4000,3,0.0055,0.0055,0.046875,0.046875,0.38671875,1.385171287227422
state_machine_16,rho=0.5000,0.5,2001,4000,4,0.0055,0.0005,0.09375,0.09375,0.36328125,1.376818756107241
state_machine_16,rho=0.5000,0.5,2001,4000,5,0.0015,0.0,0.046875,0.046875,0.375,1.3877545683644712
state_machine_16,rho=0.5000,0.5,2001,4000,6,0.006,0.0,0.05859375,0.05859375,0.380859375,1.3872052365913987
state_machine_16,rho=0.5000,0.5,2001,4000,7,0.004,0.0,0.0546875,0.0546875,0.376953125,1.386180268600583
state_machine_16,rho=0.5000,0.5,2001,4000,8,0.0065,0.0,0.078125,0.078125,0.359375,1.384215402416885
state_machine_16,rho=0.5000,0.5,2001,4000,9,0.001,0.0,0.046875,0.046875,0.380859375,1.3907379149459302
state_machine_16,rho=0.5000,0.5,2001,4000,10,0.0035,0.0,0.109375,0.109375,0.416015625,1.3833073093555868
state_machine_16,rho=0.5000,0.5,2001,4000,11,0.005,0.0,0.07421875,0.07421875,0.400390625,1.3840944259427488
state_machine_16,rho=0.5000,0.5,2001,4000,12,0.0035,0.0,0.04296875,0.04296875,0.3515625,1.3853439344093204
state_machine_16,rho=0.5000,0.5,2001,4000,13,0.004,0.0,0.0703125,0.0703125,0.38671875,1.3849623925052583
state_machine_16,rho=0.5000,0.5,2001,4000,14,0.0035,0.0,0.0625,0.0625,0.380859375,1.385171969421208
state_machine_16,rho=0.5000,0.5,2001,4000,15,0.003,0.0,0.0703125,0.0703125,0.369140625,1.3862601602450013
state_machine_16,rho=0.5000,0.5,2001,4000,16,0.0035,0.0,0.08203125,0.08203125,0.40625,1.384373402222991
state_machine_16,rho=0.5000,0.5,2001,6000,1,0.0885,0.9115,0.09375,0.09375,0.400390625,1.3743764283135533
state_machine_16,rho=0.5000,0.5,2001,6000,2,0.006,0.0825,0.0546875,0.0546875,0.353515625,1.3823001058772206
state_machine_16,rho=0.5000,0.5,2001,6000,3,0.0055,0.0055,0.09375,0.09375,0.392578125,1.3713346482254565
state_machine_16,rho=0.5000,0.5,2001,6000,4,0.0045,0.0005,0.06640625,0.06640625,0.3671875,1.370227579958737
state_machine_16,rho=0.5000,0.5,2001,6000,5,0.0045,0.0,0.1015625,0.1015625,0.40234375,1.368400844745338
state_machine_16,rho=0.5000,0.5,2001,6000,6,0.0045,0.0,0.10546875,0.10546875,0.40234375,1.3764348761178553
state_machine_16,rho=0.5000,0.5,2001,6000,7,0.005,0.0,0.078125,0.078125,0.38671875,1.3732368061318994
state_machine_16,rho=0.5000,0.5,2001,6000,8,0.004,0.0,0.08984375,0.08984375,0.373046875,1.381051131989807
state_machine_16,rho=0.5000,0.5,2001,6000,9,0.004,0.0,0.0859375,0.0859375,0.41015625,1.374301171861589
state_machine_16,rho=0.5000,0.5,2001,6000,10,0.0015,0.0,0.12109375,0.12109375,0.421875,1.369051749818027
state_machine_16,rho=0.5000,0.5,2001,6000,11,0.0065,0.0,0.0859375,0.0859375,0.404296875,1.3742929408326745
state_machine_16,rho=0.5000,0.5,2001,6000,12,0.002,0.0,0.06640625,0.06640625,0.361328125,1.3749089888297021
state_machine_16,rho=0.5000,0.5,2001,6000,13,0.0045,0.0,0.0546875,0.0546875,0.380859375,1.37870203377679
state_machine_16,rho=0.5000,0.5,2001,6000,14,0.0055,0.0,0.06640625,0.06640625,0.38671875,1.3764056051149964
state_machine_16,rho=0.5000,0.5,2001,6000,15,0.0055,0.0,0.0859375,0.0859375,0.388671875,1.3740898338146508
state_machine_16,rho=0.5000,0.5,2001,6000,16,0.0045,0.0,0.0703125,0.0703125,0.39453125,1.3785229064524174
state_machine_16,rho=0.5000,0.5,2001,8000,1,0.515,0.485,0.53125,0.53125,0.73046875,0.8080495297908783
state_machine_16,rho=0.5000,0.5,2001,8000,2,0.271,0.244,0.4765625,0.4765625,0.7109375,0.7880258001387119
state_machine_16,rho=0.5000,0.5,2001,8000,3,0.1485,0.136,0.51953125,0.51953125,0.728515625,0.7922600753372535
state_machine_16,rho=0.5000,0.5,2001,8000,4,0.0905,0.071,0.421875,0.421875,0.689453125,0.7887067090487108
state_machine_16,rho=0.5000,0.5,2001,8000,5,0.066,0.0275,0.40625,0.40625,0.66796875,0.8598031904548407
state_machine_16,rho=0.5000,0.5,2001,8000,6,0.049,0.018,0.5,0.5,0.716796875,0.8093990694032982
state_machine_16,rho=0.5000,0.5,2001,8000,7,0.035,0.0095,0.4921875,0.4921875,0.716796875,0.7818540220614523
state_machine_16,rho=0.5000,0.5,2001,8000,8,0.04,0.0035,0.5078125,0.5078125,0.728515625,0.7813646896975115
state_machine_16,rho=0.5000,0.5,2001,8000,9,0.035,0.0015,0.51953125,0.51953125,0.728515625,0.8336209792178124
state_machine_16,rho=0.5000,0.5,2001,8000,10,0.033,0.0015,0.55078125,0.55078125,0.75390625,0.8115307250991464
state_machine_16,rho=0.5000,0.5,2001,8000,11,0.0275,0.0005,0.53125,0.53125,0.740234375,0.7949539560358971
state_machine_16,rho=0.5000,0.5,2001,8000,12,0.0265,0.001,0.51171875,0.51171875,0.732421875,0.785471330746077
state_machine_16,rho=0.5000,0.5,2001,8000,13,0.029,0.0,0.5390625,0.5390625,0.74609375,0.7723162047332153
state_machine_16,rho=0.5000,0.5,2001,8000,14,0.029,0.0,0.48046875,0.48046875,0.71484375,0.8019384298240766
state_machine_16,rho=0.5000,0.5,2001,8000,15,0.0255,0.0005,0.42578125,0.42578125,0.67578125,0.8559078613761812
state_machine_16,rho=0.5000,0.5,2001,8000,16,0.028,0.0005,0.51171875,0.51171875,0.71875,0.8110709850443527
state_machine_16,rho=0.8000,0.8,2001,1000,1,0.0585,0.9415,0.04296875,0.04296875,0.380859375,1.3920617261901498
state_machine_16,rho=0.8000,0.8,2001,1000,2,0.0,0.0585,0.07421875,0.07421875,0.373046875,1.385194365400821
state_machine_16,rho=0.8000,0.8,2001,1000,3,0.003,0.0,0.04296875,0.04296875,0.365234375,1.3941343324258924
state_machine_16,rho=0.8000,0.8,2001,1000,4,0.0015,0.0,0.04296875,0.04296875,0.32421875,1.389059559442103
state_machine_16,rho=0.8000,0.8,2001,1000,5,0.0015,0.0,0.07421875,0.07421875,0.388671875,1.3888476653955877
state_machine_16,rho=0.8000,0.8,2001,1000,6,0.002,0.0,0.08984375,0.08984375,0.400390625,1.3886285847984254
state_machine_16,rho=0.8000,0.8,2001,1000,7,0.005,0.0,0.05859375,0.05859375,0.37109375,1.3895991421304643
state_machine_16,rho=0.8000,0.8,2001,1000,8,0.0015,0.0,0.046875,0.046875,0.357421875,1.3895882340148091
state_machine_16,rho=0.8000,0.8,2001,1000,9,0.0,0.0,0.06640625,0.06640625,0.3828125,1.393943608738482
state_machine_16,rho=0.8000,0.8,2001,1000,10,0.0,0.0,0.0546875,0.0546875,0.390625,1.3871072749607265
state_machine_16,rho=0.8000,0.8,2001,1000,11,0.0005,0.0,0.0546875,0.0546875,0.39453125,1.387294300366193
state_machine_16,rho=0.8000,0.8,2001,1000,12,0.0,0.0,0.109375,0.109375,0.38671875,1.3870113850571215
state_machine_16,rho=0.8000,0.8,2001,1000,13,0.001,0.0,0.07421875,0.07421875,0.390625,1.3892810689285398
state_machine_16,rho=0.8000,0.8,2001,1000,14,0.002,0.0,0.0703125,0.0703125,0.39453125,1.3909849463962018
state_machine_16,rho=0.8000,0.8,2001,1000,15,0.0025,0.0,0.06640625,0.06640625,0.376953125,1.3873978517949581
state_machine_16,rho=0.8000,0.8,2001,1000,16,0.0005,0.0,0.06640625,0.06640625,0.3828125,1.386904213577509
state_machine_16,rho=0.8000,0.8,2001,2000,1,0.065,0.935,0.07421875,0.07421875,0.408203125,1.3852761154994369
state_machine_16,rho=0.8000,0.8,2001,2000,2,0.004,0.061,0.078125,0.078125,0.37109375,1.3859069384634495
state_machine_16,rho=0.8000,0.8,2001,2000,3,0.0025,0.004,0.04296875,0.04296875,0.365234375,1.388928568456322
state_machine_16,rho=0.8000,0.8,2001,2000,4,0.0035,0.0,0.0546875,0.0546875,0.349609375,1.3828410226851702
state_machine_16,rho=0.8000,0.8,2001,2000,5,0.002,0.0,0.06640625,0.06640625,0.37109375,1.3886454054154456
state_machine_16,rho=0.8000,0.8,2001,2000,6,0.0005,0.0,0.07421875,0.07421875,0.38671875,1.3875018591061234
state_machine_16,rho=0.8000,0.8,2001,2000,7,0.0025,0.0,0.0703125,0.0703125,0.384765625,1.3857439062558115
state_machine_16,rho=0.8000,0.8,2001,2000,8,0.0025,0.0,0.04296875,0.04296875,0.353515625,1.3865720247849822
state_machine_16,rho=0.8000,0.8,2001,2000,9,0.0045,0.0,0.05859375,0.05859375,0.3984375,1.3875603787600994
state_machine_16,rho=0.8000,0.8,2001,2000,10,0.005,0.0,0.0703125,0.0703125,0.3828125,1.3858925979584455
state_machine_16,rho=0.8000,0.8,2001,2000,11,0.004,0.0,0.08203125,0.08203125,0.408203125,1.3864874569699168
state_machine_16,rho=0.8000,0.8,2001,2000,12,0.0035,0.0,0.078125,0.078125,0.375,1.3815143257379532
state_machine_16,rho=0.8000,0.8,2001,2000,13,0.0,0.0,0.05859375,0.05859375,0.384765625,1.3883000705391169
state_machine_16,rho=0.8000,0.8,2001,2000,14,0.001,0.0,0.0625,0.0625,0.3828125,1.3871728158555925
state_machine_16,rho=0.8000,0.8,2001,2000,15,0.0015,0.0,0.05859375,0.05859375,0.3671875,1.3865832542069256
state_machine_16,rho=0.8000,0.8,2001,2000,16,0.0,0.0,0.05859375,0.05859375,0.408203125,1.3841365510597825
state_machine_16,rho=0.8000,0.8,2001,4000,1,0.1615,0.8385,0.16796875,0.16796875,0.470703125,1.2126253622118384
state_machine_16,rho=0.8000,0.8,2001,4000,2,0.0275,0.134,0.140625,0.140625,0.447265625,1.2080935934791341
state_machine_16,rho=0.8000,0.8,2001,4000,3,0.008,0.0255,0.18359375,0.18359375,0.46875,1.1975787741830572
state_machine_16,rho=0.8000,0.8,2001,4000,4,0.009,0.0005,0.140625,0.140625,0.4375,1.1516871879575774
state_machine_16,rho=0.8000,0.8,2001,4000,5,0.0075,0.001,0.14453125,0.14453125,0.453125,1.2128065270371735
state_machine_16,rho=0.8000,0.8,2001,4000,6,0.0075,0.0005,0.1875,0.1875,0.4765625,1.1753535143798217
state_machine_16,rho=0.8000,0.8,2001,4000,7,0.005,0.0,0.18359375,0.18359375,0.462890625,1.2109183665597811
state_machine_16,rho=0.8000,0.8,2001,4000,8,0.012,0.0,0.12890625,0.12890625,0.443359375,1.2051722857868299
state_machine_16,rho=0.8000,0.8,2001,4000,9,0.0065,0.0,0.1171875,0.1171875,0.443359375,1.2352773416787386
state_machine_16,rho=0.8000,0.8,2001,4000,10,0.005,0.0,0.1875,0.1875,0.474609375,1.1975988908670843
state_machine_16,rho=0.8000,0.8,2001,4000,11,0.006,0.0,0.1796875,0.1796875,0.4765625,1.2229385831742547
state_machine_16,rho=0.8000,0.8,2001,4000,12,0.006,0.0,0.125,0.125,0.427734375,1.2538951981114224
state_machine_16,rho=0.8000,0.8,2001,4000,13,0.006,0.0,0.125,0.125,0.4296875,1.3132813379634172
state_machine_16,rho=0.8000,0.8,2001,4000,14,0.0055,0.0,0.1484375,0.1484375,0.455078125,1.2361623307224363
state_machine_16,rho=0.8000,0.8,2001,4000,15,0.006,0.0,0.16796875,0.16796875,0.4609375,1.2067448131274432
state_machine_16,rho=0.8000,0.8,2001,4000,16,0.007,0.0,0.16015625,0.16015625,0.455078125,1.25595787842758
state_machine_16,rho=0.8000,0.8,2001,6000,1,0.635,0.365,0.6640625,0.6640625,0.83203125,0.3878124605398625
state_machine_16,rho=0.8000,0.8,2001,6000,2,0.394,0.241,0.5859375,0.5859375,0.79296875,0.4143158940714784
state_machine_16,rho=0.8000,0.8,2001,6000,3,0.248,0.154,0.63671875,0.63671875,0.818359375,0.39203363814158365
state_machine_16,rho=0.8000,0.8,2001,6000,4,0.162,0.096,0.55859375,0.55859375,0.779296875,0.4193690911633894
state_machine_16,rho=0.8000,0.8,2001,6000,5,0.1205,0.051,0.609375,0.609375,0.8046875,0.4021227066987194
state_machine_16,rho=0.8000,0.8,2001,6000,6,0.0885,0.0345,0.64453125,0.64453125,0.822265625,0.39950373297324404
state_machine_16,rho=0.8000,0.8,2001,6000,7,0.0695,0.02,0.6328125,0.6328125,0.81640625,0.3974556605098769
state_machine_16,rho=0.8000,0.8,2001,6000,8,0.0545,0.0115,0.6015625,0.6015625,0.80078125,0.40160833462141454
state_machine_16,rho=0.8000,0.8,2001,6000,9,0.048,0.012,0.6640625,0.6640625,0.83203125,0.3872227935353294
state_machine_16,rho=0.8000,0.8,2001,6000,10,0.043,0.0045,0.64453125,0.64453125,0.822265625,0.3984233025694266
state_machine_16,rho=0.8000,0.8,2001,6000,11,0.0395,0.0015,0.65625,0.65625,0.828125,0.3954892545007169
state_machine_16,rho=0.8000,0.8,2001,6000,12,0.038,0.002,0.59375,0.59375,0.796875,0.4046375753241591
state_machine_16,rho=0.8000,0.8,2001,6000,13,0.0455,0.001,0.640625,0.640625,0.8203125,0.3991171133820899
state_machine_16,rho=0.8000,0.8,2001,6000,14,0.0465,0.0005,0.63671875,0.63671875,0.818359375,0.397621349664405
state_machine_16,rho=0.8000,0.8,2001,6000,15,0.043,0.0005,0.6171875,0.6171875,0.80859375,0.39645962399663404
state_machine_16,rho=0.8000,0.8,2001,6000,16,0.045,0.0015,0.66796875,0.66796875,0.833984375,0.385660195548553
state_machine_16,rho=0.8000,0.8,2001,8000,1,0.6385,0.3615,0.66796875,0.66796875,0.833984375,0.376317206537351
state_machine_16,rho=0.8000,0.8,2001,8000,2,0.3895,0.249,0.5859375,0.5859375,0.79296875,0.3858287999755703
state_machine_16,rho=0.8000,0.8,2001,8000,3,0.252,0.142,0.63671875,0.63671875,0.818359375,0.372717279358767
state_machine_16,rho=0.8000,0.8,2001,8000,4,0.1585,0.101,0.5859375,0.5859375,0.79296875,0.394407159765251
state_machine_16,rho=0.8000,0.8,2001,8000,5,0.118,0.0515,0.609375,0.609375,0.8046875,0.37955164987943135
state_machine_16,rho=0.8000,0.8,2001,8000,6,0.085,0.034,0.64453125,0.64453125,0.822265625,0.38414634054061025
state_machine_16,rho=0.8000,0.8,2001,8000,7,0.071,0.017,0.6640625,0.6640625,0.83203125,0.3776726179639809
state_machine_16,rho=0.8000,0.8,2001,8000,8,0.0615,0.0135,0.609375,0.609375,0.8046875,0.3811009239871055
state_machine_16,rho=0.8000,0.8,2001,8000,9,0.057,0.012,0.703125,0.703125,0.8515625,0.3688390312017873
state_machine_16,rho=0.8000,0.8,2001,8000,10,0.0485,0.006,0.65625,0.65625,0.828125,0.3729482290218584
state_machine_16,rho=0.8000,0.8,2001,8000,11,0.043,0.0025,0.66015625,0.66015625,0.830078125,0.3797482943045907
state_machine_16,rho=0.8000,0.8,2001,8000,12,0.039,0.0025,0.60546875,0.60546875,0.802734375,0.38904592220205814
state_machine_16,rho=0.8000,0.8,2001,8000,13,0.0415,0.001,0.640625,0.640625,0.8203125,0.3870047356467694
state_machine_16,rho=0.8000,0.8,2001,8000,14,0.0445,0.0005,0.64453125,0.64453125,0.822265625,0.3824920731713064
state_machine_16,rho=0.8000,0.8,2001,8000,15,0.042,0.0005,0.6328125,0.6328125,0.81640625,0.376778464356903
state_machine_16,rho=0.8000,0.8,2001,8000,16,0.0405,0.0015,0.68359375,0.68359375,0.841796875,0.37266629288205877
state_machine_16,rho=0.8400,0.84,2001,1000,1,0.0635,0.9365,0.0625,0.0625,0.390625,1.38972920877859
state_machine_16,rho=0.8400,0.84,2001,1000,2,0.0,0.0635,0.06640625,0.06640625,0.369140625,1.38521330896765
state_machine_16,rho=0.8400,0.84,2001,1000,3,0.002,0.0,0.0390625,0.0390625,0.36328125,1.3929169019684196
state_machine_16,rho=0.8400,0.84,2001,1000,4,0.0025,0.0,0.0234375,0.0234375,0.3125,1.390467891935259
state_machine_16,rho=0.8400,0.84,2001,1000,5,0.0015,0.0,0.08203125,0.08203125,0.392578125,1.3889618627727032
state_machine_16,rho=0.8400,0.84,2001,1000,6,0.0005,0.0,0.109375,0.109375,0.412109375,1.3885288638994098
state_machine_16,rho=0.8400,0.84,2001,1000,7,0.004,0.0,0.0625,0.0625,0.375,1.3893610117956996
state_machine_16,rho=0.8400,0.84,2001,1000,8,0.0025,0.0,0.0546875,0.0546875,0.361328125,1.389953366946429
state_machine_16,rho=0.8400,0.84,2001,1000,9,0.0005,0.0,0.07421875,0.07421875,0.38671875,1.3946310780011117
state_machine_16,rho=0.8400,0.84,2001,1000,10,0.002,0.0,0.06640625,0.06640625,0.39453125,1.3874251176603138
state_machine_16,rho=0.8400,0.84,2001,1000,11,0.0,0.0,0.0546875,0.0546875,0.39453125,1.3882753276266158
state_machine_16,rho=0.8400,0.84,2001,1000,12,0.0005,0.0,0.1015625,0.1015625,0.3828125,1.3864116477780044
state_machine_16,rho=0.8400,0.84,2001,1000,13,0.0015,0.0,0.05859375,0.05859375,0.380859375,1.389835917390883
state_machine_16,rho=0.8400,0.84,2001,1000,14,0.0025,0.0,0.05859375,0.05859375,0.388671875,1.390823527239263
state_machine_16,rho=0.8400,0.84,2001,1000,15,0.0025,0.0,0.0625,0.0625,0.37109375,1.387424216605723
state_machine_16,rho=0.8400,0.84,2001,1000,16,0.0025,0.0,0.05078125,0.05078125,0.376953125,1.3872948177158833
state_machine_16,rho=0.8400,0.84,2001,2000,1,0.0695,0.9305,0.08984375,0.08984375,0.412109375,1.3847398082725704
state_machine_16,rho=0.8400,0.84,2001,2000,2,0.0055,0.064,0.07421875,0.07421875,0.359375,1.386185325216502
state_machine_16,rho=0.8400,0.84,2001,2000,3,0.002,0.0055,0.02734375,0.02734375,0.361328125,1.3882796438410878
state_machine_16,rho=0.8400,0.84,2001,2000,4,0.003,0.0,0.0703125,0.0703125,0.353515625,1.3784705880098045
state_machine_16,rho=0.8400,0.84,2001,2000,5,0.0045,0.0,0.07421875,0.07421875,0.369140625,1.3875507675111294
state_machine_16,rho=0.8400,0.84,2001,2000,6,0.0,0.0,0.0703125,0.0703125,0.38671875,1.3873497867025435
state_machine_16,rho=0.8400,0.84,2001,2000,7,0.0045,0.0,0.078125,0.078125,0.37890625,1.385244905948639
state_machine_16,rho=0.8400,0.84,2001,2000,8,0.0015,0.0,0.05078125,0.05078125,0.357421875,1.3850477170199156
state_machine_16,rho=0.8400,0.84,2001,2000,9,0.001,0.0,0.0390625,0.0390625,0.392578125,1.388427787926048
state_machine_16,rho=0.8400,0.84,2001,2000,10,0.0015,0.0,0.0625,0.0625,0.380859375,1.385407048277557
state_machine_16,rho=0.8400,0.84,2001,2000,11,0.0025,0.0,0.08984375,0.08984375,0.40625,1.3876409553922713
state_machine_16,rho=0.8400,0.84,2001,2000,12,0.0005,0.0,0.07421875,0.07421875,0.375,1.3791514108888805
state_machine_16,rho=0.8400,0.84,2001,2000,13,0.0,0.0,0.05078125,0.05078125,0.380859375,1.388854581862688
state_machine_16,rho=0.8400,0.84,2001,2000,14,0.0005,0.0,0.078125,0.078125,0.37890625,1.3882521125487983
state_machine_16,rho=0.8400,0.84,2001,2000,15,0.0015,0.0,0.06640625,0.06640625,0.37109375,1.3874053549952805
state_machine_16,rho=0.8400,0.84,2001,2000,16,0.0,0.0,0.0546875,0.0546875,0.404296875,1.3859488852322102
state_machine_16,rho=0.8400,0.84,2001,4000,1,0.261,0.739,0.26953125,0.26953125,0.548828125,1.0038574172649533
state_machine_16,rho=0.8400,0.84,2001,4000,2,0.0785,0.1825,0.25,0.25,0.525390625,0.9830890850862488
state_machine_16,rho=0.8400,0.84,2001,4000,3,0.028,0.059,0.26171875,0.26171875,0.54296875,0.980317710142117
state_machine_16,rho=0.8400,0.84,2001,4000,4,0.02,0.0145,0.26171875,0.26171875,0.52734375,0.9463705045054667
state_machine_16,rho=0.8400,0.84,2001,4000,5,0.016,0.003,0.21484375,0.21484375,0.50390625,1.0238109983620234
state_machine_16,rho=0.8400,0.84,2001,4000,6,0.017,0.0015,0.2734375,0.2734375,0.546875,0.977604862768203
state_machine_16,rho=0.8400,0.84,2001,4000,7,0.0165,0.0,0.25,0.25,0.5390625,1.0194661709247157
state_machine_16,rho=0.8400,0.84,2001,4000,8,0.027,0.0,0.25,0.25,0.529296875,0.9916081562405452
state_machine_16,rho=0.8400,0.84,2001,4000,9,0.0195,0.0,0.2578125,0.2578125,0.541015625,1.0098612582078204
state_machine_16,rho=0.8400,0.84,2001,4000,10,0.0195,0.0,0.23046875,0.23046875,0.537109375,0.9849362941458821
state_machine_16,rho=0.8400,0.84,2001,4000,11,0.0105,0.0005,0.2734375,0.2734375,0.55078125,1.0092086622025818
state_machine_16,rho=0.8400,0.84,2001,4000,12,0.0215,0.0,0.234375,0.234375,0.53125,0.9733765976270661
state_machine_16,rho=0.8400,0.84,2001,4000,13,0.0205,0.0,0.25,0.25,0.552734375,0.9790569860488176
state_machine_16,rho=0.8400,0.84,2001,4000,14,0.0195,0.0,0.26171875,0.26171875,0.541015625,1.0078819214832038
state_machine_16,rho=0.8400,0.84,2001,4000,15,0.0195,0.0,0.2265625,0.2265625,0.515625,1.0344765678746626
state_machine_16,rho=0.8400,0.84,2001,4000,16,0.0175,0.0,0.27734375,0.27734375,0.5625,0.9967177563230507
state_machine_16,rho=0.8400,0.84,2001,6000,1,0.636,0.364,0.6640625,0.6640625,0.83203125,0.3679752807074692
state_machine_16,rho=0.8400,0.84,2001,6000,2,0.3945,0.2415,0.5859375,0.5859375,0.79296875,0.390266282542143
state_machine_16,rho=0.8400,0.84,2001,6000,3,0.248,0.154,0.63671875,0.63671875,0.818359375,0.37042640621075407
state_machine_16,rho=0.8400,0.84,2001,6000,4,0.1595,0.0955,0.55859375,0.55859375,0.779296875,0.39562963211210445
state_machine_16,rho=0.8400,0.84,2001,6000,5,0.117,0.0495,0.61328125,0.61328125,0.806640625,0.3791390579135623
state_machine_16,rho=0.8400,0.84,2001,6000,6,0.086,0.0355,0.64453125,0.64453125,0.822265625,0.3759404325392097
state_machine_16,rho=0.8400,0.84,2001,6000,7,0.0695,0.02,0.6328125,0.6328125,0.81640625,0.37615680700400844
state_machine_16,rho=0.8400,0.84,2001,6000,8,0.058,0.012,0.60546875,0.60546875,0.802734375,0.3798065218143165
state_machine_16,rho=0.8400,0.84,2001,6000,9,0.049,0.0125,0.66796875,0.66796875,0.833984375,0.3648210709216073
state_machine_16,rho=0.8400,0.84,2001,6000,10,0.0435,0.0045,0.64453125,0.64453125,0.822265625,0.3759629373671487
state_machine_16,rho=0.8400,0.84,2001,6000,11,0.037,0.002,0.65625,0.65625,0.828125,0.3722222900833003
state_machine_16,rho=0.8400,0.84,2001,6000,12,0.0375,0.002,0.59375,0.59375,0.796875,0.3833813609671779
state_machine_16,rho=0.8400,0.84,2001,6000,13,0.0395,0.001,0.640625,0.640625,0.8203125,0.3789429255994037
state_machine_16,rho=0.8400,0.84,2001,6000,14,0.041,0.0005,0.63671875,0.63671875,0.818359375,0.3779219627031125
state_machine_16,rho=0.8400,0.84,2001,6000,15,0.041,0.0005,0.6171875,0.6171875,0.80859375,0.37819291540654376
state_machine_16,rho=0.8400,0.84,2001,6000,16,0.033,0.0015,0.66796875,0.66796875,0.833984375,0.3636229999247007
state_machine_16,rho=0.8400,0.84,2001,8000,1,0.691,0.309,0.71484375,0.71484375,0.857421875,0.31073476253368426
state_machine_16,rho=0.8400,0.84,2001,8000,2,0.4605,0.2305,0.66015625,0.66015625,0.830078125,0.3348000730329659
state_machine_16,rho=0.8400,0.84,2001,8000,3,0.3025,0.1605,0.71484375,0.71484375,0.857421875,0.3114371607953217
state_machine_16,rho=0.8400,0.84,2001,8000,4,0.209,0.102,0.68359375,0.68359375,0.841796875,0.3152357591461623
state_machine_16,rho=0.8400,0.84,2001,8000,5,0.1545,0.06,0.67578125,0.67578125,0.837890625,0.3214381968282396
state_machine_16,rho=0.8400,0.84,2001,8000,6,0.119,0.0455,0.67578125,0.67578125,0.837890625,0.30675900874484796
state_machine_16,rho=0.8400,0.84,2001,8000,7,0.0985,0.026,0.71875,0.71875,0.859375,0.3086230369081022
state_machine_16,rho=0.8400,0.84,2001,8000,8,0.0805,0.02,0.68359375,0.68359375,0.841796875,0.313007819961058
state_machine_16,rho=0.8400,0.84,2001,8000,9,0.069,0.0135,0.69140625,0.69140625,0.845703125,0.3202960212074686
state_machine_16,rho=0.8400,0.84,2001,8000,10,0.062,0.012,0.703125,0.703125,0.8515625,0.3052951607387513
state_machine_16,rho=0.8400,0.84,2001,8000,11,0.0485,0.005,0.70703125,0.70703125,0.853515625,0.30796637246385217
state_machine_16,rho=0.8400,0.84,2001,8000,12,0.0515,0.003,0.703125,0.703125,0.8515625,0.30896395769377705
state_machine_16,rho=0.8400,0.84,2001,8000,13,0.0525,0.003,0.71484375,0.71484375,0.857421875,0.3021963376668282
state_machine_16,rho=0.8400,0.84,2001,8000,14,0.0485,0.002,0.6875,0.6875,0.84375,0.3199764859309653
state_machine_16,rho=0.8400,0.84,2001,8000,15,0.045,0.002,0.703125,0.703125,0.8515625,0.32001803304592613
state_machine_16,rho=0.8400,0.84,2001,8000,16,0.0445,0.001,0.73828125,0.73828125,0.869140625,0.2969635187473614
state_machine_16,rho=0.8500,0.85,2001,1000,1,0.0685,0.9315,0.0859375,0.0859375,0.40234375,1.3881269581615925
state_machine_16,rho=0.8500,0.85,2001,1000,2,0.0025,0.066,0.0546875,0.0546875,0.36328125,1.3857541452161968
state_machine_16,rho=0.8500,0.85,2001,1000,3,0.0015,0.0025,0.03515625,0.03515625,0.359375,1.3915627524256706
state_machine_16,rho=0.8500,0.85,2001,1000,4,0.001,0.0,0.03125,0.03125,0.31640625,1.392863120418042
state_machine_16,rho=0.8500,0.85,2001,1000,5,0.0025,0.0,0.078125,0.078125,0.384765625,1.3894894970580935
state_machine_16,rho=0.8500,0.85,2001,1000,6,0.0045,0.0,0.1015625,0.1015625,0.408203125,1.3875406659208238
state_machine_16,rho=0.8500,0.85,2001,1000,7,0.005,0.0,0.05859375,0.05859375,0.373046875,1.3896655910648406
state_machine_16,rho=0.8500,0.85,2001,1000,8,0.0005,0.0,0.05859375,0.05859375,0.36328125,1.3913199184462428
state_machine_16,rho=0.8500,0.85,2001,1000,9,0.001,0.0,0.07421875,0.07421875,0.38671875,1.3925808989442885
state_machine_16,rho=0.8500,0.85,2001,1000,10,0.0035,0.0,0.078125,0.078125,0.404296875,1.3863845113664865
state_machine_16,rho=0.8500,0.85,2001,1000,11,0.001,0.0,0.06640625,0.06640625,0.400390625,1.3869140441529453
state_machine_16,rho=0.8500,0.85,2001,1000,12,0.0,0.0,0.08984375,0.08984375,0.375,1.3877052469179034
state_machine_16,rho=0.8500,0.85,2001,1000,13,0.0015,0.0,0.0625,0.0625,0.38671875,1.3882401171140373
state_machine_16,rho=0.8500,0.85,2001,1000,14,0.001,0.0,0.04296875,0.04296875,0.373046875,1.3909302758984268
state_machine_16,rho=0.8500,0.85,2001,1000,15,0.002,0.0,0.0625,0.0625,0.375,1.3874272583052516
state_machine_16,rho=0.8500,0.85,2001,1000,16,0.0015,0.0,0.05078125,0.05078125,0.384765625,1.3859570254571736
state_machine_16,rho=0.8500,0.85,2001,2000,1,0.074,0.926,0.1015625,0.1015625,0.419921875,1.3847761792130768
state_machine_16,rho=0.8500,0.85,2001,2000,2,0.007,0.067,0.06640625,0.06640625,0.35546875,1.3855570168234408
state_machine_16,rho=0.8500,0.85,2001,2000,3,0.004,0.007,0.02734375,0.02734375,0.361328125,1.389104722533375
state_machine_16,rho=0.8500,0.85,2001,2000,4,0.004,0.0,0.078125,0.078125,0.361328125,1.377565342001617
state_machine_16,rho=0.8500,0.85,2001,2000,5,0.0045,0.0,0.078125,0.078125,0.373046875,1.3882475481368601
state_machine_16,rho=0.8500,0.85,2001,2000,6,0.0,0.0,0.07421875,0.07421875,0.392578125,1.388094786554575
state_machine_16,rho=0.8500,0.85,2001,2000,7,0.003,0.0,0.1015625,0.1015625,0.40234375,1.3853556620888412
state_machine_16,rho=0.8500,0.85,2001,2000,8,0.0015,0.0,0.046875,0.046875,0.35546875,1.384546612855047
state_machine_16,rho=0.8500,0.85,2001,2000,9,0.002,0.0,0.05078125,0.05078125,0.392578125,1.3886037427000701
state_machine_16,rho=0.8500,0.85,2001,2000,10,0.004,0.0,0.05859375,0.05859375,0.3828125,1.385071448981762
state_machine_16,rho=0.8500,0.85,2001,2000,11,0.005,0.0,0.08984375,0.08984375,0.41015625,1.3875249214470387
state_machine_16,rho=0.8500,0.85,2001,2000,12,0.001,0.0,0.07421875,0.07421875,0.375,1.3789978767745197
state_machine_16,rho=0.8500,0.85,2001,2000,13,0.0,0.0,0.0546875,0.0546875,0.384765625,1.3883153209462762
state_machine_16,rho=0.8500,0.85,2001,2000,14,0.0,0.0,0.07421875,0.07421875,0.376953125,1.3878892888315022
state_machine_16,rho=0.8500,0.85,2001,2000,15,0.0015,0.0,0.0625,0.0625,0.375,1.3870767429471016
state_machine_16,rho=0.8500,0.85,2001,2000,16,0.0,0.0,0.0546875,0.0546875,0.404296875,1.3854888752102852
state_machine_16,rho=0.8500,0.85,2001,4000,1,0.513,0.487,0.5,0.5,0.7265625,0.5870224682730623
state_machine_16,rho=0.8500,0.85,2001,4000,2,0.234,0.279,0.4609375,0.4609375,0.703125,0.5739459119504318
state_machine_16,rho=0.8500,0.85,2001,4000,3,0.1105,0.131,0.5078125,0.5078125,0.736328125,0.5484994056168944
state_machine_16,rho=0.8500,0.85,2001,4000,4,0.0655,0.0565,0.46875,0.46875,0.703125,0.5631466049235314
state_machine_16,rho=0.8500,0.85,2001,4000,5,0.047,0.023,0.5078125,0.5078125,0.716796875,0.5505023768055253
state_machine_16,rho=0.8500,0.85,2001,4000,6,0.041,0.012,0.53125,0.53125,0.744140625,0.5257356974179856
state_machine_16,rho=0.8500,0.85,2001,4000,7,0.036,0.005,0.51953125,0.51953125,0.724609375,0.5685268329689279
state_machine_16,rho=0.8500,0.85,2001,4000,8,0.03,0.002,0.48828125,0.48828125,0.70703125,0.5620797558804043
state_machine_16,rho=0.8500,0.85,2001,4000,9,0.032,0.0015,0.52734375,0.52734375,0.732421875,0.588052156905178
state_machine_16,rho=0.8500,0.85,2001,4000,10,0.028,0.002,0.5234375,0.5234375,0.740234375,0.5401080952142365
state_machine_16,rho=0.8500,0.85,2001,4000,11,0.029,0.0,0.5234375,0.5234375,0.716796875,0.5716717620380223
state_machine_16,rho=0.8500,0.85,2001,4000,12,0.031,0.001,0.4765625,0.4765625,0.69921875,0.589972926536575
state_machine_16,rho=0.8500,0.85,2001,4000,13,0.0315,0.0,0.5390625,0.5390625,0.751953125,0.5296137359109707
state_machine_16,rho=0.8500,0.85,2001,4000,14,0.026,0.0,0.5234375,0.5234375,0.734375,0.5714047005167231
state_machine_16,rho=0.8500,0.85,2001,4000,15,0.031,0.0,0.4921875,0.4921875,0.703125,0.5939328617532738
state_machine_16,rho=0.8500,0.85,2001,4000,16,0.0295,0.0,0.51953125,0.51953125,0.73046875,0.5672440839116462
state_machine_16,rho=0.8500,0.85,2001,6000,1,0.639,0.361,0.67578125,0.67578125,0.837890625,0.36454501035041176
state_machine_16,rho=0.8500,0.85,2001,6000,2,0.397,0.242,0.5859375,0.5859375,0.79296875,0.3912346450961195
state_machine_16,rho=0.8500,0.85,2001,6000,3,0.2535,0.154,0.63671875,0.63671875,0.818359375,0.3678727369115222
state_machine_16,rho=0.8500,0.85,2001,6000,4,0.1645,0.0975,0.55859375,0.55859375,0.779296875,0.3955980505561456
state_machine_16,rho=0.8500,0.85,2001,6000,5,0.1185,0.049,0.61328125,0.61328125,0.806640625,0.3743348373682238
state_machine_16,rho=0.8500,0.85,2001,6000,6,0.0875,0.036,0.64453125,0.64453125,0.822265625,0.36904666520422325
state_machine_16,rho=0.8500,0.85,2001,6000,7,0.0725,0.02,0.6328125,0.6328125,0.81640625,0.37477339460747316
state_machine_16,rho=0.8500,0.85,2001,6000,8,0.061,0.0125,0.6015625,0.6015625,0.80078125,0.38001926575088874
state_machine_16,rho=0.8500,0.85,2001,6000,9,0.0485,0.0125,0.66796875,0.66796875,0.833984375,0.36326992593239993
state_machine_16,rho=0.8500,0.85,2001,6000,10,0.051,0.0045,0.64453125,0.64453125,0.822265625,0.369796181388665
state_machine_16,rho=0.8500,0.85,2001,6000,11,0.05,0.0015,0.65625,0.65625,0.828125,0.3700508043402806
state_machine_16,rho=0.8500,0.85,2001,6000,12,0.0405,0.002,0.59375,0.59375,0.796875,0.38137261365773156
state_machine_16,rho=0.8500,0.85,2001,6000,13,0.04,0.001,0.640625,0.640625,0.8203125,0.37017230078345165
state_machine_16,rho=0.8500,0.85,2001,6000,14,0.037,0.0005,0.63671875,0.63671875,0.818359375,0.37216023972723633
state_machine_16,rho=0.8500,0.85,2001,6000,15,0.0335,0.001,0.6171875,0.6171875,0.80859375,0.3772316679242067
state_machine_16,rho=0.8500,0.85,2001,6000,16,0.0305,0.0015,0.66796875,0.66796875,0.833984375,0.3637964242370799
state_machine_16,rho=0.8500,0.85,2001,8000,1,0.6805,0.3195,0.71484375,0.71484375,0.857421875,0.3227576434001094
state_machine_16,rho=0.8500,0.85,2001,8000,2,0.45,0.2305,0.65234375,0.65234375,0.826171875,0.3377825172501616
state_machine_16,rho=0.8500,0.85,2001,8000,3,0.3055,0.1525,0.68359375,0.68359375,0.841796875,0.3217376471729949
state_machine_16,rho=0.8500,0.85,2001,8000,4,0.2125,0.1035,0.6328125,0.6328125,0.81640625,0.3383690995106008
state_machine_16,rho=0.8500,0.85,2001,8000,5,0.152,0.0625,0.671875,0.671875,0.8359375,0.3285715929232538
state_machine_16,rho=0.8500,0.85,2001,8000,6,0.1135,0.043,0.65625,0.65625,0.828125,0.3396083052357426
state_machine_16,rho=0.8500,0.85,2001,8000,7,0.0865,0.0295,0.703125,0.703125,0.8515625,0.3195801260881126
state_machine_16,rho=0.8500,0.85,2001,8000,8,0.0765,0.0155,0.6640625,0.6640625,0.83203125,0.33053246171039063
state_machine_16,rho=0.8500,0.85,2001,8000,9,0.059,0.0165,0.73046875,0.73046875,0.865234375,0.315018865512684
state_machine_16,rho=0.8500,0.85,2001,8000,10,0.0575,0.008,0.66796875,0.66796875,0.833984375,0.3247413601347944
state_machine_16,rho=0.8500,0.85,2001,8000,11,0.055,0.005,0.69921875,0.69921875,0.849609375,0.3403624111087993
state_machine_16,rho=0.8500,0.85,2001,8000,12,0.052,0.004,0.69140625,0.69140625,0.845703125,0.32102858895086683
state_machine_16,rho=0.8500,0.85,2001,8000,13,0.0445,0.0045,0.72265625,0.72265625,0.861328125,0.3163663740415359
state_machine_16,rho=0.8500,0.85,2001,8000,14,0.0455,0.001,0.6875,0.69140625,0.845703125,0.3290145329810912
state_machine_16,rho=0.8500,0.85,2001,8000,15,0.0445,0.0005,0.6796875,0.6796875,0.83984375,0.3212253251549555
state_machine_16,rho=0.8500,0.85,2001,8000,16,0.049,0.0015,0.6953125,0.6953125,0.84765625,0.3324802092538448
state_machine_16,rho=0.8600,0.86,2001,1000,1,0.0635,0.9365,0.0546875,0.0546875,0.38671875,1.389181837439537
state_machine_16,rho=0.8600,0.86,2001,1000,2,0.0,0.0635,0.0703125,0.0703125,0.37109375,1.3856770507991314
state_machine_16,rho=0.8600,0.86,2001,1000,3,0.0025,0.0,0.046875,0.046875,0.3671875,1.3918614787980914
state_machine_16,rho=0.8600,0.86,2001,1000,4,0.001,0.0,0.03515625,0.03515625,0.32421875,1.3911931244656444
state_machine_16,rho=0.8600,0.86,2001,1000,5,0.002,0.0,0.078125,0.078125,0.38671875,1.389480306301266
state_machine_16,rho=0.8600,0.86,2001,1000,6,0.0045,0.0,0.078125,0.078125,0.396484375,1.387872796971351
state_machine_16,rho=0.8600,0.86,2001,1000,7,0.0055,0.0,0.0546875,0.0546875,0.369140625,1.3896607463248074
state_machine_16,rho=0.8600,0.86,2001,1000,8,0.0,0.0,0.05859375,0.05859375,0.36328125,1.390174625441432
state_machine_16,rho=0.8600,0.86,2001,1000,9,0.0015,0.0,0.06640625,0.06640625,0.3828125,1.3933961051516235
state_machine_16,rho=0.8600,0.86,2001,1000,10,0.0,0.0,0.06640625,0.06640625,0.39453125,1.387013429775834
state_machine_16,rho=0.8600,0.86,2001,1000,11,0.001,0.0,0.06640625,0.06640625,0.400390625,1.3876330801285803
state_machine_16,rho=0.8600,0.86,2001,1000,12,0.0,0.0,0.1015625,0.1015625,0.380859375,1.387251629959792
state_machine_16,rho=0.8600,0.86,2001,1000,13,0.002,0.0,0.06640625,0.06640625,0.384765625,1.388884507585317
state_machine_16,rho=0.8600,0.86,2001,1000,14,0.001,0.0,0.05859375,0.05859375,0.38671875,1.3902849624864757
state_machine_16,rho=0.8600,0.86,2001,1000,15,0.0025,0.0,0.06640625,0.06640625,0.380859375,1.387134611606598
state_machine_16,rho=0.8600,0.86,2001,1000,16,0.002,0.0,0.0546875,0.0546875,0.3828125,1.3865326195955276
state_machine_16,rho=0.8600,0.86,2001,2000,1,0.072,0.928,0.09375,0.09375,0.416015625,1.3843627981841564
state_machine_16,rho=0.8600,0.86,2001,2000,2,0.007,0.065,0.0625,0.0625,0.361328125,1.3847412038594484
state_machine_16,rho=0.8600,0.86,2001,2000,3,0.002,0.007,0.03125,0.03125,0.3671875,1.3891121628694236
state_machine_16,rho=0.8600,0.86,2001,2000,4,0.0035,0.0,0.06640625,0.06640625,0.353515625,1.3771029505878687
state_machine_16,rho=0.8600,0.86,2001,2000,5,0.0065,0.0,0.078125,0.078125,0.37109375,1.3886117925867438
state_machine_16,rho=0.8600,0.86,2001,2000,6,0.001,0.0,0.0703125,0.0703125,0.388671875,1.388508157338947
state_machine_16,rho=0.8600,0.86,2001,2000,7,0.0035,0.0,0.07421875,0.07421875,0.37890625,1.385063178371638
state_machine_16,rho=0.8600,0.86,2001,2000,8,0.003,0.0,0.05078125,0.05078125,0.359375,1.3838095949031413
state_machine_16,rho=0.8600,0.86,2001,2000,9,0.002,0.0,0.04296875,0.04296875,0.396484375,1.3900637882761657
state_machine_16,rho=0.8600,0.86,2001,2000,10,0.0045,0.0,0.05859375,0.05859375,0.376953125,1.3856992409564555
state_machine_16,rho=0.8600,0.86,2001,2000,11,0.003,0.0,0.08984375,0.08984375,0.408203125,1.3888540496118367
state_machine_16,rho=0.8600,0.86,2001,2000,12,0.0005,0.0,0.0703125,0.0703125,0.373046875,1.3792139701545238
state_machine_16,rho=0.8600,0.86,2001,2000,13,0.0,0.0,0.0546875,0.0546875,0.38671875,1.3886763453483582
state_machine_16,rho=0.8600,0.86,2001,2000,14,0.0005,0.0,0.0703125,0.0703125,0.373046875,1.3887240877375007
state_machine_16,rho=0.8600,0.86,2001,2000,15,0.004,0.0,0.06640625,0.06640625,0.376953125,1.387711800634861
state_machine_16,rho=0.8600,0.86,2001,2000,16,0.0,0.0,0.0546875,0.0546875,0.40234375,1.386088824365288
state_machine_16,rho=0.8600,0.86,2001,4000,1,0.2675,0.7325,0.26953125,0.26953125,0.541015625,0.9863084187381901
state_machine_16,rho=0.8600,0.86,2001,4000,2,0.0765,0.191,0.26953125,0.26953125,0.541015625,0.9820170630700886
state_machine_16,rho=0.8600,0.86,2001,4000,3,0.027,0.0585,0.25,0.25,0.546875,0.9648724711150862
state_machine_16,rho=0.8600,0.86,2001,4000,4,0.018,0.0125,0.2734375,0.2734375,0.53515625,0.9379688883782364
state_machine_16,rho=0.8600,0.86,2001,4000,5,0.018,0.0035,0.234375,0.234375,0.533203125,0.9903618961106986
state_machine_16,rho=0.8600,0.86,2001,4000,6,0.02,0.001,0.296875,0.296875,0.56640625,0.9587015169672668
state_machine_16,rho=0.8600,0.86,2001,4000,7,0.0155,0.0,0.2421875,0.2421875,0.53515625,0.9948959787725471
state_machine_16,rho=0.8600,0.86,2001,4000,8,0.0195,0.0,0.2421875,0.2421875,0.51953125,0.9858847933355719
state_machine_16,rho=0.8600,0.86,2001,4000,9,0.0215,0.0,0.25,0.25,0.537109375,0.9971255993004888
state_machine_16,rho=0.8600,0.86,2001,4000,10,0.0155,0.0,0.234375,0.234375,0.5390625,0.9809896192746237
state_machine_16,rho=0.8600,0.86,2001,4000,11,0.012,0.001,0.26953125,0.26953125,0.546875,0.9989383306819946
state_machine_16,rho=0.8600,0.86,2001,4000,12,0.0175,0.0,0.24609375,0.24609375,0.52734375,0.9611353877699003
state_machine_16,rho=0.8600,0.86,2001,4000,13,0.0135,0.0,0.28515625,0.28515625,0.572265625,0.9555016957456246
state_machine_16,rho=0.8600,0.86,2001,4000,14,0.0185,0.0,0.26953125,0.26953125,0.533203125,0.9957538000890054
state_machine_16,rho=0.8600,0.86,2001,4000,15,0.0155,0.0,0.21875,0.21875,0.50390625,1.0253084102878347
state_machine_16,rho=0.8600,0.86,2001,4000,16,0.015,0.0,0.30859375,0.30859375,0.572265625,0.9871060822042637
state_machine_16,rho=0.8600,0.86,2001,6000,1,0.639,0.361,0.6796875,0.6796875,0.83984375,0.3544171778485179
state_machine_16,rho=0.8600,0.86,2001,6000,2,0.3955,0.2435,0.58984375,0.58984375,0.794921875,0.3833781064313371
state_machine_16,rho=0.8600,0.86,2001,6000,3,0.2485,0.1545,0.640625,0.640625,0.8203125,0.3584510383370798
state_machine_16,rho=0.8600,0.86,2001,6000,4,0.158,0.0965,0.55859375,0.55859375,0.779296875,0.3859114869264886
state_machine_16,rho=0.8600,0.86,2001,6000,5,0.1165,0.05,0.609375,0.609375,0.8046875,0.3666040765529033
state_machine_16,rho=0.8600,0.86,2001,6000,6,0.0885,0.0355,0.64453125,0.64453125,0.822265625,0.3684288872173056
state_machine_16,rho=0.8600,0.86,2001,6000,7,0.0675,0.0185,0.63671875,0.63671875,0.818359375,0.36340086068958044
state_machine_16,rho=0.8600,0.86,2001,6000,8,0.061,0.0115,0.60546875,0.60546875,0.802734375,0.3722260970971547
state_machine_16,rho=0.8600,0.86,2001,6000,9,0.055,0.0125,0.66796875,0.66796875,0.833984375,0.3541855110961478
state_machine_16,rho=0.8600,0.86,2001,6000,10,0.047,0.005,0.64453125,0.64453125,0.822265625,0.36933763639535755
state_machine_16,rho=0.8600,0.86,2001,6000,11,0.038,0.002,0.66015625,0.66015625,0.830078125,0.3644163914141245
state_machine_16,rho=0.8600,0.86,2001,6000,12,0.044,0.002,0.59375,0.59375,0.796875,0.3732941325288266
state_machine_16,rho=0.8600,0.86,2001,6000,13,0.0425,0.001,0.63671875,0.63671875,0.818359375,0.36971981613896787
state_machine_16,rho=0.8600,0.86,2001,6000,14,0.0455,0.0005,0.63671875,0.63671875,0.818359375,0.36904509039595723
state_machine_16,rho=0.8600,0.86,2001,6000,15,0.0445,0.001,0.6171875,0.6171875,0.80859375,0.366977994737681
state_machine_16,rho=0.8600,0.86,2001,6000,16,0.04,0.0015,0.66796875,0.66796875,0.833984375,0.3559772841981612
state_machine_16,rho=0.8600,0.86,2001,8000,1,0.6355,0.3645,0.66796875,0.66796875,0.833984375,0.34325995593098924
state_machine_16,rho=0.8600,0.86,2001,8000,2,0.399,0.2365,0.62109375,0.62109375,0.810546875,0.3563195715250913
state_machine_16,rho=0.8600,0.86,2001,8000,3,0.2645,0.137,0.6796875,0.6796875,0.83984375,0.33679408955504186
state_machine_16,rho=0.8600,0.86,2001,8000,4,0.169,0.107,0.60546875,0.60546875,0.802734375,0.3626849678985309
state_machine_16,rho=0.8600,0.86,2001,8000,5,0.12,0.055,0.63671875,0.63671875,0.818359375,0.3482680636079749
state_machine_16,rho=0.8600,0.86,2001,8000,6,0.0915,0.0345,0.65625,0.65625,0.828125,0.3432030186231714
state_machine_16,rho=0.8600,0.86,2001,8000,7,0.07,0.0195,0.66796875,0.66796875,0.833984375,0.35014279015013017
state_machine_16,rho=0.8600,0.86,2001,8000,8,0.0475,0.017,0.65625,0.65625,0.828125,0.3506333779369015
state_machine_16,rho=0.8600,0.86,2001,8000,9,0.037,0.012,0.6796875,0.6796875,0.83984375,0.347596987063298
state_machine_16,rho=0.8600,0.86,2001,8000,10,0.038,0.005,0.671875,0.671875,0.8359375,0.339786871423712
state_machine_16,rho=0.8600,0.86,2001,8000,11,0.044,0.0025,0.64453125,0.64453125,0.822265625,0.35330338566564023
state_machine_16,rho=0.8600,0.86,2001,8000,12,0.042,0.0015,0.63671875,0.63671875,0.818359375,0.3534078110969858
state_machine_16,rho=0.8600,0.86,2001,8000,13,0.0385,0.0,0.640625,0.640625,0.8203125,0.35746261224267073
state_machine_16,rho=0.8600,0.86,2001,8000,14,0.039,0.0015,0.625,0.625,0.8125,0.352025954722194
state_machine_16,rho=0.8600,0.86,2001,8000,15,0.042,0.001,0.6640625,0.6640625,0.83203125,0.3558631479390897
state_machine_16,rho=0.8600,0.86,2001,8000,16,0.04,0.002,0.70703125,0.70703125,0.853515625,0.3277485622675158
state_machine_16,rho=0.8800,0.88,2001,1000,1,0.067,0.933,0.05859375,0.05859375,0.38671875,1.3896100744605064
state_machine_16,rho=0.8800,0.88,2001,1000,2,0.002,0.065,0.05859375,0.05859375,0.36328125,1.3854729933664203
state_machine_16,rho=0.8800,0.88,2001,1000,3,0.0015,0.002,0.0390625,0.0390625,0.365234375,1.3932071067392826
state_machine_16,rho=0.8800,0.88,2001,1000,4,0.0035,0.0,0.0234375,0.0234375,0.31640625,1.3908532694913447
state_machine_16,rho=0.8800,0.88,2001,1000,5,0.0015,0.0,0.06640625,0.06640625,0.37890625,1.389274314045906
state_machine_16,rho=0.8800,0.88,2001,1000,6,0.003,0.0,0.09765625,0.09765625,0.40625,1.3878782945685089
state_machine_16,rho=0.8800,0.88,2001,1000,7,0.0045,0.0,0.07421875,0.07421875,0.37890625,1.3895350601524115
state_machine_16,rho=0.8800,0.88,2001,1000,8,0.001,0.0,0.0625,0.0625,0.365234375,1.3897972260601819
state_machine_16,rho=0.8800,0.88,2001,1000,9,0.003,0.0,0.05859375,0.05859375,0.37890625,1.3940053400583565
state_machine_16,rho=0.8800,0.88,2001,1000,10,0.001,0.0,0.0703125,0.0703125,0.392578125,1.3867547656409442
state_machine_16,rho=0.8800,0.88,2001,1000,11,0.0015,0.0,0.07421875,0.07421875,0.404296875,1.388481239322573
state_machine_16,rho=0.8800,0.88,2001,1000,12,0.0005,0.0,0.0703125,0.0703125,0.365234375,1.3864734005182981
state_machine_16,rho=0.8800,0.88,2001,1000,13,0.001,0.0,0.05859375,0.05859375,0.380859375,1.390283685643226
state_machine_16,rho=0.8800,0.88,2001,1000,14,0.002,0.0,0.07421875,0.07421875,0.390625,1.3904897645115852
state_machine_16,rho=0.8800,0.88,2001,1000,15,0.0005,0.0,0.05859375,0.05859375,0.369140625,1.387829429935664
state_machine_16,rho=0.8800,0.88,2001,1000,16,0.0005,0.0,0.0546875,0.0546875,0.39453125,1.3874783124774694
state_machine_16,rho=0.8800,0.88,2001,2000,1,0.0695,0.9305,0.07421875,0.07421875,0.40625,1.3837823262438178
state_machine_16,rho=0.8800,0.88,2001,2000,2,0.0055,0.064,0.0625,0.0625,0.359375,1.3850252768024802
state_machine_16,rho=0.8800,0.88,2001,2000,3,0.003,0.0055,0.02734375,0.02734375,0.37109375,1.3888654080219567
state_machine_16,rho=0.8800,0.88,2001,2000,4,0.004,0.0,0.06640625,0.06640625,0.349609375,1.3771666497923434
state_machine_16,rho=0.8800,0.88,2001,2000,5,0.006,0.0,0.078125,0.078125,0.373046875,1.3889904962852597
state_machine_16,rho=0.8800,0.88,2001,2000,6,0.0005,0.0,0.0703125,0.0703125,0.390625,1.3881580606102943
state_machine_16,rho=0.8800,0.88,2001,2000,7,0.0035,0.0,0.07421875,0.07421875,0.376953125,1.384486292488873
state_machine_16,rho=0.8800,0.88,2001,2000,8,0.0015,0.0,0.046875,0.046875,0.357421875,1.3826622324995697
state_machine_16,rho=0.8800,0.88,2001,2000,9,0.0005,0.0,0.0546875,0.0546875,0.40234375,1.3895146087743342
state_machine_16,rho=0.8800,0.88,2001,2000,10,0.003,0.0,0.0546875,0.0546875,0.375,1.3857111241668463
state_machine_16,rho=0.8800,0.88,2001,2000,11,0.0035,0.0,0.09765625,0.09765625,0.3984375,1.3899948541074991
state_machine_16,rho=0.8800,0.88,2001,2000,12,0.0005,0.0,0.06640625,0.06640625,0.37109375,1.3793981964699924
state_machine_16,rho=0.8800,0.88,2001,2000,13,0.0,0.0,0.05078125,0.05078125,0.3828125,1.3892989507876337
state_machine_16,rho=0.8800,0.88,2001,2000,14,0.0005,0.0,0.078125,0.078125,0.376953125,1.3886560224927962
state_machine_16,rho=0.8800,0.88,2001,2000,15,0.002,0.0,0.06640625,0.06640625,0.376953125,1.3883845880627632
state_machine_16,rho=0.8800,0.88,2001,2000,16,0.0,0.0,0.05078125,0.05078125,0.40234375,1.38659412227571
state_machine_16,rho=0.8800,0.88,2001,4000,1,0.3565,0.6435,0.359375,0.359375,0.6171875,0.832125099026598
state_machine_16,rho=0.8800,0.88,2001,4000,2,0.123,0.2335,0.3359375,0.3359375,0.58984375,0.8377959287608974
state_machine_16,rho=0.8800,0.88,2001,4000,3,0.045,0.0895,0.33203125,0.33203125,0.59375,0.8288495274609886
state_machine_16,rho=0.8800,0.88,2001,4000,4,0.023,0.022,0.3359375,0.3359375,0.595703125,0.7919450366171077
state_machine_16,rho=0.8800,0.88,2001,4000,5,0.0265,0.006,0.3046875,0.3046875,0.5703125,0.8801403876277618
state_machine_16,rho=0.8800,0.88,2001,4000,6,0.022,0.004,0.3046875,0.3046875,0.59375,0.8904418497695588
state_machine_16,rho=0.8800,0.88,2001,4000,7,0.0245,0.0005,0.33203125,0.33203125,0.59375,0.8751755055855028
state_machine_16,rho=0.8800,0.88,2001,4000,8,0.026,0.0,0.33203125,0.33203125,0.591796875,0.8576673836796544
state_machine_16,rho=0.8800,0.88,2001,4000,9,0.022,0.0,0.3515625,0.3515625,0.6015625,0.884570759779308
state_machine_16,rho=0.8800,0.88,2001,4000,10,0.025,0.0005,0.3203125,0.3203125,0.5859375,0.8784144328092225
state_machine_16,rho=0.8800,0.88,2001,4000,11,0.0255,0.0005,0.33984375,0.33984375,0.6015625,0.8526263812673278
state_machine_16,rho=0.8800,0.88,2001,4000,12,0.0215,0.0,0.33203125,0.33203125,0.587890625,0.8407333763316274
state_machine_16,rho=0.8800,0.88,2001,4000,13,0.0235,0.0,0.31640625,0.31640625,0.58984375,0.9027013825252652
state_machine_16,rho=0.8800,0.88,2001,4000,14,0.027,0.0,0.375,0.375,0.62109375,0.8243602531147189
state_machine_16,rho=0.8800,0.88,2001,4000,15,0.022,0.0,0.27734375,0.27734375,0.548828125,0.9468703251914121
state_machine_16,rho=0.8800,0.88,2001,4000,16,0.0255,0.0,0.37890625,0.37890625,0.62109375,0.8372768207336776
state_machine_16,rho=0.8800,0.88,2001,6000,1,0.6385,0.3615,0.671875,0.671875,0.8359375,0.3469195179641247
state_machine_16,rho=0.8800,0.88,2001,6000,2,0.397,0.2415,0.58203125,0.58203125,0.791015625,0.3738339238334447
state_machine_16,rho=0.8800,0.88,2001,6000,3,0.2495,0.1555,0.640625,0.640625,0.8203125,0.3512962367676664
state_machine_16,rho=0.8800,0.88,2001,6000,4,0.161,0.0965,0.56640625,0.56640625,0.783203125,0.3741424104082398
state_machine_16,rho=0.8800,0.88,2001,6000,5,0.1185,0.0495,0.609375,0.609375,0.8046875,0.35982028031139635
state_machine_16,rho=0.8800,0.88,2001,6000,6,0.095,0.035,0.640625,0.640625,0.8203125,0.3605132956872694
state_machine_16,rho=0.8800,0.88,2001,6000,7,0.0705,0.02,0.6328125,0.6328125,0.81640625,0.3547722905059345
state_machine_16,rho=0.8800,0.88,2001,6000,8,0.0605,0.012,0.59765625,0.59765625,0.798828125,0.35984170343726873
state_machine_16,rho=0.8800,0.88,2001,6000,9,0.055,0.012,0.68359375,0.68359375,0.841796875,0.34712710604071617
state_machine_16,rho=0.8800,0.88,2001,6000,10,0.0435,0.005,0.6484375,0.6484375,0.82421875,0.35417078906903043
state_machine_16,rho=0.8800,0.88,2001,6000,11,0.044,0.002,0.66015625,0.66015625,0.830078125,0.3560089500970207
state_machine_16,rho=0.8800,0.88,2001,6000,12,0.046,0.002,0.59375,0.59375,0.796875,0.36656280152965337
state_machine_16,rho=0.8800,0.88,2001,6000,13,0.042,0.001,0.63671875,0.63671875,0.818359375,0.35973334521986544
state_machine_16,rho=0.8800,0.88,2001,6000,14,0.0435,0.001,0.63671875,0.63671875,0.818359375,0.35981050482951105
state_machine_16,rho=0.8800,0.88,2001,6000,15,0.039,0.0005,0.62890625,0.62890625,0.814453125,0.3525965044973418
state_machine_16,rho=0.8800,0.88,2001,6000,16,0.041,0.0015,0.66796875,0.66796875,0.833984375,0.3467750165145844
state_machine_16,rho=0.8800,0.88,2001,8000,1,0.64,0.36,0.66015625,0.66015625,0.830078125,0.3372288570681121
state_machine_16,rho=0.8800,0.88,2001,8000,2,0.4115,0.2285,0.609375,0.609375,0.8046875,0.35425093345111236
state_machine_16,rho=0.8800,0.88,2001,8000,3,0.263,0.1515,0.63671875,0.63671875,0.818359375,0.340299171541119
state_machine_16,rho=0.8800,0.88,2001,8000,4,0.1705,0.1015,0.6015625,0.6015625,0.80078125,0.357221480604494
state_machine_16,rho=0.8800,0.88,2001,8000,5,0.1205,0.0525,0.59765625,0.59765625,0.798828125,0.348313258291455
state_machine_16,rho=0.8800,0.88,2001,8000,6,0.0885,0.038,0.609375,0.609375,0.8046875,0.3394520314759575
state_machine_16,rho=0.8800,0.88,2001,8000,7,0.073,0.0215,0.6328125,0.6328125,0.81640625,0.3470324045047164
state_machine_16,rho=0.8800,0.88,2001,8000,8,0.057,0.0195,0.66796875,0.66796875,0.833984375,0.34080261818598956
state_machine_16,rho=0.8800,0.88,2001,8000,9,0.0515,0.0075,0.67578125,0.67578125,0.837890625,0.3424409783037845
state_machine_16,rho=0.8800,0.88,2001,8000,10,0.044,0.0075,0.6484375,0.6484375,0.82421875,0.3327964141499251
state_machine_16,rho=0.8800,0.88,2001,8000,11,0.039,0.003,0.609375,0.609375,0.8046875,0.35256738736643456
state_machine_16,rho=0.8800,0.88,2001,8000,12,0.0355,0.0015,0.62890625,0.62890625,0.814453125,0.3564903086225968
state_machine_16,rho=0.8800,0.88,2001,8000,13,0.0435,0.001,0.640625,0.640625,0.8203125,0.34669792419299483
state_machine_16,rho=0.8800,0.88,2001,8000,14,0.047,0.0005,0.62109375,0.62109375,0.810546875,0.3464645218627993
state_machine_16,rho=0.8800,0.88,2001,8000,15,0.0495,0.0005,0.65234375,0.65234375,0.826171875,0.34963074457482435
state_machine_16,rho=0.8800,0.88,2001,8000,16,0.047,0.002,0.69921875,0.69921875,0.849609375,0.32206810626666993
state_machine_16,rho=0.9000,0.9,2001,1000,1,0.061,0.939,0.04296875,0.04296875,0.37890625,1.390512395184487
state_machine_16,rho=0.9000,0.9,2001,1000,2,0.0005,0.0605,0.07421875,0.07421875,0.373046875,1.385038767941296
state_machine_16,rho=0.9000,0.9,2001,1000,3,0.0025,0.0005,0.03125,0.03125,0.359375,1.3934314060024917
state_machine_16,rho=0.9000,0.9,2001,1000,4,0.005,0.0,0.03125,0.03125,0.3203125,1.3898557792417705
state_machine_16,rho=0.9000,0.9,2001,1000,5,0.0015,0.0,0.06640625,0.06640625,0.37890625,1.388414888177067
state_machine_16,rho=0.9000,0.9,2001,1000,6,0.004,0.0,0.08203125,0.08203125,0.396484375,1.3877296792343259
state_machine_16,rho=0.9000,0.9,2001,1000,7,0.0035,0.0,0.06640625,0.06640625,0.373046875,1.3891547117382288
state_machine_16,rho=0.9000,0.9,2001,1000,8,0.0025,0.0,0.05078125,0.05078125,0.359375,1.3906705942936242
state_machine_16,rho=0.9000,0.9,2001,1000,9,0.001,0.0,0.07421875,0.07421875,0.38671875,1.3937325719743967
state_machine_16,rho=0.9000,0.9,2001,1000,10,0.003,0.0,0.05859375,0.05859375,0.3828125,1.3871180000714958
state_machine_16,rho=0.9000,0.9,2001,1000,11,0.002,0.0,0.0703125,0.0703125,0.400390625,1.3895490537397563
state_machine_16,rho=0.9000,0.9,2001,1000,12,0.0005,0.0,0.09765625,0.09765625,0.37890625,1.3859114577062428
state_machine_16,rho=0.9000,0.9,2001,1000,13,0.0015,0.0,0.0546875,0.0546875,0.37890625,1.3906554756686091
state_machine_16,rho=0.9000,0.9,2001,1000,14,0.002,0.0,0.0703125,0.0703125,0.3828125,1.3904974083416164
state_machine_16,rho=0.9000,0.9,2001,1000,15,0.0,0.0,0.09765625,0.09765625,0.39453125,1.3880775244906545
state_machine_16,rho=0.9000,0.9,2001,1000,16,0.0005,0.0,0.0546875,0.0546875,0.408203125,1.387413599062711
state_machine_16,rho=0.9000,0.9,2001,2000,1,0.0695,0.9305,0.09375,0.09375,0.416015625,1.3824008437804878
state_machine_16,rho=0.9000,0.9,2001,2000,2,0.0055,0.064,0.0546875,0.0546875,0.369140625,1.3852665079757571
state_machine_16,rho=0.9000,0.9,2001,2000,3,0.004,0.0055,0.03125,0.03125,0.37109375,1.386912111658603
state_machine_16,rho=0.9000,0.9,2001,2000,4,0.002,0.0,0.07421875,0.07421875,0.357421875,1.3744782656431198
state_machine_16,rho=0.9000,0.9,2001,2000,5,0.0035,0.0,0.0703125,0.0703125,0.373046875,1.387309751007706
state_machine_16,rho=0.9000,0.9,2001,2000,6,0.0005,0.0,0.06640625,0.06640625,0.380859375,1.387931759469211
state_machine_16,rho=0.9000,0.9,2001,2000,7,0.0035,0.0,0.07421875,0.07421875,0.390625,1.3831720720045269
state_machine_16,rho=0.9000,0.9,2001,2000,8,0.001,0.0,0.05078125,0.05078125,0.357421875,1.3834956833161414
state_machine_16,rho=0.9000,0.9,2001,2000,9,0.0,0.0,0.0546875,0.0546875,0.40234375,1.3877821881324053
state_machine_16,rho=0.9000,0.9,2001,2000,10,0.0005,0.0,0.05859375,0.05859375,0.376953125,1.3842269466258585
state_machine_16,rho=0.9000,0.9,2001,2000,11,0.0,0.0,0.08984375,0.08984375,0.392578125,1.3908281596377492
state_machine_16,rho=0.9000,0.9,2001,2000,12,0.0,0.0,0.06640625,0.06640625,0.37109375,1.3786865663714707
state_machine_16,rho=0.9000,0.9,2001,2000,13,0.0,0.0,0.0546875,0.0546875,0.380859375,1.389479320961982
state_machine_16,rho=0.9000,0.9,2001,2000,14,0.001,0.0,0.0703125,0.0703125,0.373046875,1.3875955264084041
state_machine_16,rho=0.9000,0.9,2001,2000,15,0.003,0.0,0.06640625,0.06640625,0.375,1.3875225340016186
state_machine_16,rho=0.9000,0.9,2001,2000,16,0.0,0.0,0.0546875,0.0546875,0.40625,1.3858153051696718
state_machine_16,rho=0.9000,0.9,2001,4000,1,0.459,0.541,0.4765625,0.4765625,0.69140625,0.6700440562563017
state_machine_16,rho=0.9000,0.9,2001,4000,2,0.205,0.254,0.40234375,0.40234375,0.65234375,0.6915296196239069
state_machine_16,rho=0.9000,0.9,2001,4000,3,0.092,0.119,0.4375,0.4375,0.685546875,0.6711825719685294
state_machine_16,rho=0.9000,0.9,2001,4000,4,0.064,0.0425,0.4296875,0.4296875,0.66015625,0.672661813267041
state_machine_16,rho=0.9000,0.9,2001,4000,5,0.0445,0.0225,0.4296875,0.43359375,0.669921875,0.6881417653639801
state_machine_16,rho=0.9000,0.9,2001,4000,6,0.039,0.011,0.47265625,0.47265625,0.697265625,0.6820376612013206
state_machine_16,rho=0.9000,0.9,2001,4000,7,0.038,0.005,0.4140625,0.4140625,0.646484375,0.7139481468475424
state_machine_16,rho=0.9000,0.9,2001,4000,8,0.024,0.003,0.40625,0.40625,0.646484375,0.7434721770696342
state_machine_16,rho=0.9000,0.9,2001,4000,9,0.028,0.0,0.453125,0.453125,0.69921875,0.6587675345945172
state_machine_16,rho=0.9000,0.9,2001,4000,10,0.029,0.0005,0.44140625,0.44140625,0.69140625,0.6739633337128907
state_machine_16,rho=0.9000,0.9,2001,4000,11,0.026,0.0,0.46484375,0.46484375,0.689453125,0.6851673980709165
state_machine_16,rho=0.9000,0.9,2001,4000,12,0.0265,0.0015,0.40625,0.40625,0.654296875,0.7198881630320102
state_machine_16,rho=0.9000,0.9,2001,4000,13,0.02,0.0,0.44140625,0.44140625,0.669921875,0.6910009718849324
state_machine_16,rho=0.9000,0.9,2001,4000,14,0.0305,0.0,0.4609375,0.4609375,0.693359375,0.6856816966319457
state_machine_16,rho=0.9000,0.9,2001,4000,15,0.0235,0.0,0.390625,0.390625,0.634765625,0.7371393216890283
state_machine_16,rho=0.9000,0.9,2001,4000,16,0.0275,0.0,0.4375,0.4375,0.677734375,0.6999238608404994
