experiment,task,condition,variant,ratio,seed,steps,batch_size,n_samples,data_seed,order_seed,free_acc,forced_acc,forced_wrong_acc,answer_nll,answer_tf_acc,no_answer_rate,truncation_rate,train_loss,seconds,uid,config_hash
phase,multiply,A,full,0.0,10,200,64,50000,100,0,0.0,0.0,0.0,2.1557451952799616,0.0,0.0,0.0,1.855435448884964,4.5,b8e2a1bcd5ff2568,5fb4c72a7339
phase,multiply,A,full,0.0,1337,200,64,50000,100,0,0.001,0.0,0.0,2.1501364686100843,0.0,0.0,0.0,1.8594631373882293,3.2,d7d9c457cfa9b8f9,5fb4c72a7339
phase,multiply,A,full,0.0,2003,200,64,50000,100,0,0.0,0.0,0.0,2.121836238481362,0.0,0.0,0.0,1.8510285377502442,3.2,5e0266ede2f0f9f0,5fb4c72a7339
phase,multiply,A,full,0.0,2026,200,64,50000,100,0,0.0,0.0,0.0,2.142540858219882,0.0,0.0,0.0,1.8435150921344756,3.3,2f966cb40f8a0f7d,5fb4c72a7339
phase,multiply,A,full,0.0,2200,200,64,50000,100,0,0.002,0.001,0.001,2.115398643712906,0.001,0.0,0.0,1.84771688580513,3.0,c95db6c331a0b98e,5fb4c72a7339
phase,multiply,A,full,0.05,10,200,64,50000,100,0,0.0,0.0,0.0,2.152045259868935,0.0,0.0,0.0,1.854217028617859,3.1,3509c8205f3855a7,5fb4c72a7339
phase,multiply,A,full,0.05,1337,200,64,50000,100,0,0.001,0.0,0.0,2.147065238523662,0.0,0.0,0.0,1.858323884010315,3.2,294d3a02895a407a,5fb4c72a7339
phase,multiply,A,full,0.05,2003,200,64,50000,100,0,0.0,0.0,0.0,2.118577708506872,0.0,0.0,0.0,1.8495858669281007,3.4,d397c0b2c08b73e6,5fb4c72a7339
phase,multiply,A,full,0.05,2026,200,64,50000,100,0,0.0,0.0,0.0,2.138493218157799,0.0,0.0,0.0,1.84223170876503,3.2,4a84f0c29b207ea1,5fb4c72a7339
phase,multiply,A,full,0.05,2200,200,64,50000,100,0,0.001,0.001,0.001,2.111573892551281,0.001,0.0,0.0,1.84694402217865,3.0,738e70b3f7c8a522,5fb4c72a7339
phase,multiply,A,full,0.1,10,200,64,50000,100,0,0.0,0.0,0.0,2.147907782971288,0.0,0.0,0.0,1.8521717548370362,3.1,de9573523700e403,5fb4c72a7339
phase,multiply,A,full,0.1,1337,200,64,50000,100,0,0.0,0.0,0.0,2.144147498763536,0.0,0.0,0.0,1.8563141405582428,3.1,5bddcf914f67e495,5fb4c72a7339
phase,multiply,A,full,0.1,2003,200,64,50000,100,0,0.0,0.0,0.0,2.1157269777729333,0.0,0.0,0.0,1.8479297459125519,3.0,3871fbb2e67cdd38,5fb4c72a7339
phase,multiply,A,full,0.1,2026,200,64,50000,100,0,0.0,0.0,0.0,2.1358701045788213,0.0,0.0,0.0,1.8395858824253082,2.9,f29858f10304915e,5fb4c72a7339
phase,multiply,A,full,0.1,2200,200,64,50000,100,0,0.001,0.001,0.001,2.1085284390781185,0.001,0.0,0.0,1.8449574887752533,3.0,29f8a836b58bc43b,5fb4c72a7339
phase,multiply,A,full,0.15,10,200,64,50000,100,0,0.0,0.0,0.0,2.1449436758121614,0.0,0.0,0.0,1.850635004043579,3.1,b8e719b46a0f7a8b,5fb4c72a7339
phase,multiply,A,full,0.15,1337,200,64,50000,100,0,0.001,0.0,0.0,2.140881495096444,0.0,0.0,0.0,1.8548959612846374,3.3,fcdd1fdb795640be,5fb4c72a7339
phase,multiply,A,full,0.15,2003,200,64,50000,100,0,0.001,0.0,0.0,2.112846555634371,0.0,0.0,0.0,1.846359372138977,3.1,43721faa757ba6ee,5fb4c72a7339
phase,multiply,A,full,0.15,2026,200,64,50000,100,0,0.0,0.0,0.0,2.1336286068955643,0.0,0.0,0.0,1.8375094652175903,3.1,55ce307efe590653,5fb4c72a7339
phase,multiply,A,full,0.15,2200,200,64,50000,100,0,0.001,0.001,0.001,2.1052984819964338,0.001,0.0,0.0,1.8436748683452606,3.2,c1fb74343dcbfa03,5fb4c72a7339
phase,multiply,A,full,0.2,10,200,64,50000,100,0,0.0,0.0,0.0,2.1430189203391814,0.0,0.0,0.0,1.8472740292549132,3.2,47e7989b53007a36,5fb4c72a7339
phase,multiply,A,full,0.2,1337,200,64,50000,100,0,0.0,0.0,0.0,2.1390172917859744,0.0,0.0,0.0,1.8516038835048676,3.0,113ae29428a604db,5fb4c72a7339
phase,multiply,A,full,0.2,2003,200,64,50000,100,0,0.001,0.0,0.0,2.1109183937844906,0.0,0.0,0.0,1.8432480573654175,2.9,84fc3846e8215d51,5fb4c72a7339
phase,multiply,A,full,0.2,2026,200,64,50000,100,0,0.0,0.0,0.0,2.1311889292547375,0.0,0.0,0.0,1.833578646183014,2.3,2cfe1cfc74f94ae5,5fb4c72a7339
phase,multiply,A,full,0.2,2200,200,64,50000,100,0,0.001,0.001,0.0,2.102944675558361,0.001,0.0,0.0,1.8405937910079957,2.2,ee970246806bfd9e,5fb4c72a7339
phase,multiply,A,full,0.3,10,200,64,50000,100,0,0.0,0.0,0.0,2.1371724590665346,0.0,0.0,0.0,1.8424373865127563,2.1,cc1a3eeeafd59bbe,5fb4c72a7339
phase,multiply,A,full,0.3,1337,200,64,50000,100,0,0.0,0.0,0.0,2.132246177129972,0.0,0.0,0.0,1.8469761610031128,2.1,4f1b007837f95454,5fb4c72a7339
phase,multiply,A,full,0.3,2003,200,64,50000,100,0,0.0,0.0,0.0,2.1057546314523896,0.0,0.0,0.0,1.8387835443019866,2.3,74acfa0c958e1f52,5fb4c72a7339
phase,multiply,A,full,0.3,2026,200,64,50000,100,0,0.0,0.0,0.0,2.1252728152006974,0.0,0.0,0.0,1.827836239337921,2.3,97cc550e524ffccb,5fb4c72a7339
phase,multiply,A,full,0.3,2200,200,64,50000,100,0,0.0,0.001,0.001,2.096315459378905,0.001,0.0,0.0,1.8359996974468231,2.3,bd1e088e2a98184a,5fb4c72a7339
phase,multiply,A,full,0.4,10,200,64,50000,100,0,0.0,0.0,0.0,2.130431340863833,0.0,0.0,0.0,1.8362711846828461,2.3,10968a4ef4f2a561,5fb4c72a7339
phase,multiply,A,full,0.4,1337,200,64,50000,100,0,0.0,0.0,0.0,2.125769892020903,0.0,0.0,0.0,1.8411420345306397,2.1,747936a7e74e44fe,5fb4c72a7339
phase,multiply,A,full,0.4,2003,200,64,50000,100,0,0.0,0.0,0.0,2.100472764440598,0.0,0.0,0.0,1.832982313632965,2.2,e1748cd5889442c2,5fb4c72a7339
phase,multiply,A,full,0.4,2026,200,64,50000,100,0,0.0,0.0,0.0,2.1199073140097875,0.0,0.0,0.0,1.821070659160614,2.2,da2f7036432e0f94,5fb4c72a7339
phase,multiply,A,full,0.4,2200,200,64,50000,100,0,0.001,0.001,0.001,2.0902828675714544,0.001,0.0,0.0,1.830297940969467,2.3,6ab2b7111b54779f,5fb4c72a7339
phase,multiply,A,full,0.5,10,200,64,50000,100,0,0.0,0.0,0.0,2.1244838067959964,0.0,0.001,0.0,1.8296974897384644,3.0,24c5834cd3fc3d94,5fb4c72a7339
phase,multiply,A,full,0.5,1337,200,64,50000,100,0,0.0,0.0,0.0,2.120701254034777,0.0,0.0,0.0,1.8350198924541474,3.1,f75557d9fbae5096,5fb4c72a7339
phase,multiply,A,full,0.5,2003,200,64,50000,100,0,0.0,0.0,0.0,2.09609770546452,0.0,0.0,0.0,1.8269256114959718,3.3,d8b71615e9999a07,5fb4c72a7339
phase,multiply,A,full,0.5,2026,200,64,50000,100,0,0.0,0.0,0.0,2.1145564043139577,0.0,0.0,0.0,1.8132405161857605,3.1,f9207fdf8139070a,5fb4c72a7339
phase,multiply,A,full,0.5,2200,200,64,50000,100,0,0.0,0.001,0.0,2.0845654418894473,0.001,0.0,0.0,1.8242031037807465,3.0,a6f7d94d55d38234,5fb4c72a7339
phase,multiply,A,full,0.6,10,200,64,50000,100,0,0.0,0.0,0.0,2.1167536190975116,0.0,0.001,0.0,1.8208246290683747,3.1,ec0ab6e58ac53370,5fb4c72a7339
phase,multiply,A,full,0.6,1337,200,64,50000,100,0,0.0,0.0,0.0,2.114215054843685,0.0,0.0,0.0,1.826962596178055,3.2,a78f71579a0ef570,5fb4c72a7339
phase,multiply,A,full,0.6,2003,200,64,50000,100,0,0.0,0.0,0.0,2.0898802033169774,0.0,0.0,0.0,1.8188701331615449,3.2,c32759284fdb3f98,5fb4c72a7339
phase,multiply,A,full,0.6,2026,200,64,50000,100,0,0.0,0.0,0.0,2.1084952396137027,0.0,0.0,0.0,1.8033753752708435,3.2,1a469dec10c85818,5fb4c72a7339
phase,multiply,A,full,0.6,2200,200,64,50000,100,0,0.001,0.001,0.0,2.0779552404108963,0.001,0.0,0.0,1.8160219132900237,3.0,3fa3805b9f9b5528,5fb4c72a7339
phase,multiply,A,full,0.8,10,200,64,50000,100,0,0.0,0.0,0.0,2.1040323774599123,0.0,0.069,0.0,1.8021173775196075,3.0,51d79bcf2dd8585b,5fb4c72a7339
phase,multiply,A,full,0.8,1337,200,64,50000,100,0,0.0,0.0,0.0,2.103692807440259,0.0,0.0,0.0,1.8083608329296113,3.1,1928ba95e9543dc6,5fb4c72a7339
phase,multiply,A,full,0.8,2003,200,64,50000,100,0,0.0,0.0,0.0,2.0791632331743286,0.0,0.0,0.0,1.8011125087738038,3.3,12802a063a72a04c,5fb4c72a7339
phase,multiply,A,full,0.8,2026,200,64,50000,100,0,0.0,0.0,0.0,2.097155258388432,0.0,0.0,0.0,1.7827285528182983,3.3,6228fa53f9afe594,5fb4c72a7339
phase,multiply,A,full,0.8,2200,200,64,50000,100,0,0.001,0.001,0.0,2.0665584692901393,0.001,0.0,0.0,1.7990699291229248,3.1,1d29c300a0886112,5fb4c72a7339
phase,multiply,A,full,1.0,10,200,64,50000,100,0,0.0,0.0,0.0,2.0937912832543732,0.0,0.114,0.0,1.7806658148765564,3.0,484a53f5ee1bc7ce,5fb4c72a7339
phase,multiply,A,full,1.0,1337,200,64,50000,100,0,0.0,0.0,0.0,2.093691888226911,0.0,0.0,0.0,1.7866772770881654,3.1,3d9a0572715d340f,5fb4c72a7339
phase,multiply,A,full,1.0,2003,200,64,50000,100,0,0.0,0.0,0.0,2.0727120128982714,0.0,0.0,0.0,1.780418622493744,3.2,70e9cdd85f3e5c24,5fb4c72a7339
phase,multiply,A,full,1.0,2026,200,64,50000,100,0,0.0,0.0,0.0,2.089070451602197,0.0,0.0,0.0,1.7600588142871856,3.3,a25ca97887da564b,5fb4c72a7339
phase,multiply,A,full,1.0,2200,200,64,50000,100,0,0.0,0.001,0.0,2.0587426137546854,0.001,0.0,0.0,1.7782133162021636,3.1,85dfb784e1365294,5fb4c72a7339
